rule,F_present,F_confidence,F_lift,F_support,M_present,M_confidence,M_lift,M_support
(arousal_high) => arousal_high before arousal_high,True,0.7111,0.7901,0.64,False,,,
(arousal_high) => arousal_high before eda_max_low,True,0.5111,0.5324,0.46,False,,,
(arousal_high) => arousal_high before eda_std_high,False,,,,True,0.5909,0.608,0.5493
(arousal_high) => arousal_high before hr_high,True,0.6222,0.7235,0.56,False,,,
(arousal_high) => arousal_high before hr_medium,True,0.5778,0.6718,0.52,False,,,
(arousal_high) => arousal_high contains eda_peaks_high,False,,,,True,0.5758,0.5758,0.5352
(arousal_high) => arousal_high contains eda_peaks_medium,True,0.6444,0.6856,0.58,True,0.697,0.7069,0.6479
(arousal_high) => arousal_high equals valence_medium,True,0.5111,0.5111,0.46,False,,,
(arousal_high) => arousal_high is-finished-by eda_peaks_high,True,0.6444,0.6444,0.58,False,,,
(arousal_high) => arousal_high is-finished-by eda_scr_amp_low,True,0.5111,0.5808,0.46,False,,,
(arousal_high) => arousal_high is-finished-by eda_scr_auc_high,False,,,,True,0.5303,0.5303,0.493
(arousal_high) => arousal_high is-finished-by eda_scr_auc_medium,True,0.5333,0.6202,0.48,True,0.6667,0.7065,0.6197
(arousal_high) => arousal_high is-finished-by eda_std_medium,False,,,,True,0.6061,0.6061,0.5634
(arousal_high) => arousal_high meets arousal_high,False,,,,True,0.5758,0.6194,0.5352
(arousal_high) => arousal_high meets eda_scr_amp_high,False,,,,True,0.5303,0.5457,0.493
(arousal_high) => arousal_high meets valence_medium,False,,,,True,0.5758,0.5758,0.5352
(arousal_low) => arousal_low before arousal_low,True,0.6098,0.7436,0.5,False,,,
(arousal_low) => arousal_low before eda_peaks_high,False,,,,True,0.746,0.746,0.662
(arousal_low) => arousal_low before eda_scr_auc_low,True,0.561,0.7192,0.46,False,,,
(arousal_low) => arousal_low before eda_scr_auc_medium,True,0.561,0.6523,0.46,False,,,
(arousal_low) => arousal_low before eda_std_low,True,0.5366,0.6239,0.44,False,,,
(arousal_low) => arousal_low before valence_medium,True,0.7805,0.7805,0.64,False,,,
(arousal_low) => arousal_low contains eda_peaks_high,True,0.6829,0.6829,0.56,False,,,
(arousal_low) => arousal_low contains eda_std_high,False,,,,True,0.5873,0.6043,0.5211
(arousal_low) => arousal_low equals eda_peaks_medium,False,,,,True,0.746,0.7567,0.662
(arousal_low) => arousal_low equals eda_std_low,False,,,,True,0.5238,0.5722,0.4648
(arousal_low) => arousal_low is-finished-by eda_peaks_medium,True,0.7561,0.8044,0.62,False,,,
(arousal_low) => arousal_low meets arousal_low,False,,,,True,0.6508,0.7334,0.5775
(arousal_low) => arousal_low meets eda_scr_auc_medium,False,,,,True,0.746,0.7906,0.662
(arousal_low) => arousal_low meets eda_std_medium,False,,,,True,0.6349,0.6349,0.5634
(arousal_low) => arousal_low overlaps eda_scr_amp_low,False,,,,True,0.5079,0.5548,0.4507
(arousal_low) => arousal_low starts valence_medium,False,,,,True,0.7619,0.7619,0.6761
(arousal_medium) => arousal_medium before valence_high,True,0.5102,0.5798,0.5,False,,,
(arousal_medium) => arousal_medium contains eda_peaks_medium,False,,,,True,0.7324,0.7429,0.7324
(arousal_medium) => arousal_medium contains eda_scr_amp_high,False,,,,True,0.5634,0.5797,0.5634
(arousal_medium) => arousal_medium contains eda_scr_auc_high,False,,,,True,0.7042,0.7042,0.7042
(arousal_medium) => arousal_medium contains eda_scr_auc_low,False,,,,True,0.507,0.5902,0.507
(arousal_medium) => arousal_medium contains eda_scr_auc_medium,False,,,,True,0.6901,0.7313,0.6901
(arousal_medium) => arousal_medium contains hr_high,True,0.5102,0.5933,0.5,False,,,
(arousal_medium) => arousal_medium contains hr_medium,True,0.6327,0.7356,0.62,False,,,
(arousal_medium) => arousal_medium equals eda_high,True,0.551,0.551,0.54,False,,,
(arousal_medium) => arousal_medium equals eda_max_low,False,,,,True,0.5211,0.5211,0.5211
(arousal_medium) => arousal_medium equals valence_medium,True,0.6735,0.6735,0.66,True,0.7746,0.7746,0.7746
(arousal_medium) => arousal_medium is-finished-by eda_peaks_high,False,,,,True,0.662,0.662,0.662
(arousal_medium) => arousal_medium is-finished-by eda_peaks_medium,True,0.7551,0.8033,0.74,False,,,
(arousal_medium) => arousal_medium is-finished-by eda_scr_amp_low,True,0.6122,0.6957,0.6,True,0.507,0.5538,0.507
(arousal_medium) => arousal_medium is-finished-by eda_scr_auc_high,True,0.6939,0.708,0.68,False,,,
(arousal_medium) => arousal_medium is-finished-by eda_scr_auc_low,True,0.5714,0.7326,0.56,False,,,
(arousal_medium) => arousal_medium is-finished-by eda_std_medium,True,0.7347,0.8349,0.72,True,0.7465,0.7465,0.7465
(arousal_medium) => arousal_medium meets arousal_medium,True,0.7959,0.8122,0.78,True,0.7465,0.7465,0.7465
(arousal_medium) => arousal_medium meets eda_peaks_high,True,0.8163,0.8163,0.8,False,,,
(arousal_medium) => arousal_medium meets eda_scr_auc_medium,True,0.7551,0.878,0.74,False,,,
(arousal_medium) => arousal_medium meets eda_std_low,True,0.551,0.6407,0.54,False,,,
(arousal_medium) => arousal_medium starts eda_std_high,False,,,,True,0.6197,0.6377,0.6197
(eda_high) => eda_high before eda_peaks_high,True,0.66,0.66,0.66,False,,,
(eda_high) => eda_high before eda_scr_auc_medium,True,0.58,0.6744,0.58,False,,,
(eda_high) => eda_high contains eda_peaks_medium,False,,,,True,0.7857,0.7969,0.7746
(eda_high) => eda_high contains eda_scr_amp_high,True,0.5,0.5319,0.5,True,0.6,0.6174,0.5915
(eda_high) => eda_high contains eda_scr_amp_low,False,,,,True,0.6,0.6554,0.5915
(eda_high) => eda_high contains eda_scr_auc_high,False,,,,True,0.7714,0.7714,0.7606
(eda_high) => eda_high contains eda_scr_auc_low,False,,,,True,0.5286,0.6152,0.5211
(eda_high) => eda_high contains eda_scr_auc_medium,False,,,,True,0.5857,0.6207,0.5775
(eda_high) => eda_high contains hr_high,True,0.56,0.6512,0.56,False,,,
(eda_high) => eda_high contains hr_medium,True,0.54,0.6279,0.54,False,,,
(eda_high) => eda_high equals eda_max_high,False,,,,True,0.8571,0.8571,0.8451
(eda_high) => eda_high equals eda_std_high,True,0.52,0.5306,0.52,True,0.7429,0.7644,0.7324
(eda_high) => eda_high equals valence_medium,False,,,,True,0.6143,0.6143,0.6056
(eda_high) => eda_high is-finished-by eda_peaks_high,False,,,,True,0.5714,0.5714,0.5634
(eda_high) => eda_high is-finished-by eda_scr_auc_high,True,0.7,0.7143,0.7,False,,,
(eda_high) => eda_high is-finished-by eda_std_medium,False,,,,True,0.6143,0.6143,0.6056
(eda_high) => eda_high meets arousal_medium,False,,,,True,0.6,0.6,0.5915
(eda_high) => eda_high meets eda_high,True,0.78,0.78,0.78,True,0.7857,0.7969,0.7746
(eda_high) => eda_high overlaps eda_peaks_medium,True,0.74,0.7872,0.74,False,,,
(eda_high) => eda_high overlaps eda_scr_amp_low,True,0.68,0.7727,0.68,False,,,
(eda_high) => eda_high overlaps eda_scr_auc_low,True,0.5,0.641,0.5,False,,,
(eda_high) => eda_high overlaps eda_std_medium,True,0.68,0.7727,0.68,False,,,
(eda_high) => eda_high starts arousal_medium,True,0.62,0.6327,0.62,False,,,
(eda_high) => eda_high starts eda_max_high,True,0.76,0.7917,0.76,False,,,
(eda_high) => eda_high starts valence_medium,True,0.58,0.58,0.58,False,,,
(eda_low) => eda_low before eda_max_low,True,0.6596,0.6871,0.62,False,,,
(eda_low) => eda_low before eda_peaks_medium,False,,,,True,0.8028,0.8143,0.8028
(eda_low) => eda_low before eda_scr_amp_low,True,0.5532,0.6286,0.52,False,,,
(eda_low) => eda_low before eda_scr_auc_medium,False,,,,True,0.6056,0.6418,0.6056
(eda_low) => eda_low before eda_std_medium,False,,,,True,0.7746,0.7746,0.7746
(eda_low) => eda_low contains eda_scr_auc_high,True,0.5745,0.5862,0.54,False,,,
(eda_low) => eda_low equals eda_scr_auc_low,False,,,,True,0.5211,0.6066,0.5211
(eda_low) => eda_low is-finished-by eda_max_low,False,,,,True,0.8028,0.8028,0.8028
(eda_low) => eda_low is-finished-by eda_peaks_high,True,0.7021,0.7021,0.66,False,,,
(eda_low) => eda_low is-finished-by eda_scr_amp_high,True,0.5745,0.6111,0.54,False,,,
(eda_low) => eda_low meets arousal_medium,True,0.6383,0.6513,0.6,True,0.6338,0.6338,0.6338
(eda_low) => eda_low meets eda_low,True,0.617,0.6564,0.58,True,0.5634,0.5634,0.5634
(eda_low) => eda_low meets eda_max_medium,True,0.5319,0.5541,0.5,False,,,
(eda_low) => eda_low meets eda_peaks_high,False,,,,True,0.6056,0.6056,0.6056
(eda_low) => eda_low meets eda_peaks_medium,True,0.6596,0.7017,0.62,False,,,
(eda_low) => eda_low meets eda_scr_amp_high,False,,,,True,0.5211,0.5362,0.5211
(eda_low) => eda_low meets eda_scr_auc_high,False,,,,True,0.6901,0.6901,0.6901
(eda_low) => eda_low meets eda_scr_auc_low,True,0.6596,0.8456,0.62,False,,,
(eda_low) => eda_low meets eda_std_high,False,,,,True,0.662,0.6812,0.662
(eda_low) => eda_low meets eda_std_low,True,0.5106,0.5938,0.48,False,,,
(eda_low) => eda_low meets valence_medium,True,0.7447,0.7447,0.7,True,0.7746,0.7746,0.7746
(eda_max_high) => eda_max_high before eda_std_high,False,,,,True,0.6761,0.6957,0.6761
(eda_max_high) => eda_max_high contains eda_peaks_medium,False,,,,True,0.7606,0.7714,0.7606
(eda_max_high) => eda_max_high contains eda_scr_amp_high,True,0.5625,0.5984,0.54,True,0.6056,0.6232,0.6056
(eda_max_high) => eda_max_high contains eda_scr_auc_high,False,,,,True,0.7746,0.7746,0.7746
(eda_max_high) => eda_max_high contains eda_scr_auc_low,False,,,,True,0.5493,0.6393,0.5493
(eda_max_high) => eda_max_high contains eda_scr_auc_medium,False,,,,True,0.5775,0.6119,0.5775
(eda_max_high) => eda_max_high equals eda_std_high,True,0.5625,0.574,0.54,False,,,
(eda_max_high) => eda_max_high equals valence_medium,True,0.5208,0.5208,0.5,True,0.5915,0.5915,0.5915
(eda_max_high) => eda_max_high is-finished-by eda_peaks_high,False,,,,True,0.507,0.507,0.507
(eda_max_high) => eda_max_high is-finished-by eda_peaks_medium,True,0.7083,0.7535,0.68,False,,,
(eda_max_high) => eda_max_high is-finished-by eda_scr_amp_low,True,0.6042,0.6866,0.58,False,,,
(eda_max_high) => eda_max_high is-finished-by eda_scr_auc_high,True,0.75,0.7653,0.72,False,,,
(eda_max_high) => eda_max_high is-finished-by eda_std_medium,True,0.5833,0.6629,0.56,True,0.6338,0.6338,0.6338
(eda_max_high) => eda_max_high meets arousal_medium,True,0.5625,0.574,0.54,True,0.5352,0.5352,0.5352
(eda_max_high) => eda_max_high meets eda_high,True,0.6458,0.6458,0.62,True,0.6197,0.6286,0.6197
(eda_max_high) => eda_max_high meets eda_max_high,True,0.6875,0.7161,0.66,True,0.5915,0.5915,0.5915
(eda_max_high) => eda_max_high meets eda_peaks_high,True,0.6458,0.6458,0.62,False,,,
(eda_max_high) => eda_max_high meets eda_scr_auc_medium,True,0.5417,0.6298,0.52,False,,,
(eda_max_high) => eda_max_high overlaps eda_scr_amp_low,False,,,,True,0.6197,0.6769,0.6197
(eda_max_low) => eda_max_low before arousal_medium,False,,,,True,0.6479,0.6479,0.6479
(eda_max_low) => eda_max_low before eda_low,True,0.625,0.6649,0.6,True,0.6338,0.6338,0.6338
(eda_max_low) => eda_max_low before eda_max_low,True,0.7708,0.803,0.74,True,0.7042,0.7042,0.7042
(eda_max_low) => eda_max_low before eda_scr_amp_low,True,0.5417,0.6155,0.52,False,,,
(eda_max_low) => eda_max_low before eda_scr_auc_high,False,,,,True,0.5915,0.5915,0.5915
(eda_max_low) => eda_max_low before eda_scr_auc_low,True,0.5833,0.7479,0.56,True,0.507,0.5902,0.507
(eda_max_low) => eda_max_low before eda_std_low,True,0.5208,0.6056,0.5,False,,,
(eda_max_low) => eda_max_low before valence_medium,True,0.7292,0.7292,0.7,True,0.831,0.831,0.831
(eda_max_low) => eda_max_low contains eda_peaks_high,True,0.75,0.75,0.72,False,,,
(eda_max_low) => eda_max_low contains eda_scr_auc_high,True,0.5208,0.5315,0.5,False,,,
(eda_max_low) => eda_max_low contains eda_std_medium,True,0.5208,0.5919,0.5,False,,,
(eda_max_low) => eda_max_low equals eda_peaks_high,False,,,,True,0.7465,0.7465,0.7465
(eda_max_low) => eda_max_low equals eda_std_medium,False,,,,True,0.7324,0.7324,0.7324
(eda_max_low) => eda_max_low is-finished-by eda_peaks_medium,True,0.6875,0.7314,0.66,True,0.7887,0.8,0.7887
(eda_max_low) => eda_max_low is-finished-by eda_scr_auc_medium,False,,,,True,0.7324,0.7761,0.7324
(eda_max_low) => eda_max_low is-finished-by eda_std_high,False,,,,True,0.5634,0.5797,0.5634
(eda_max_low) => eda_max_low is-finished-by hr_medium,True,0.5417,0.6298,0.52,False,,,
(eda_max_low) => eda_max_low meets arousal_medium,True,0.6042,0.6165,0.58,False,,,
(eda_max_low) => eda_max_low meets eda_scr_auc_medium,True,0.6042,0.7025,0.58,False,,,
(eda_max_medium) => eda_max_medium before arousal_medium,False,,,,True,0.6364,0.6364,0.5915
(eda_max_medium) => eda_max_medium before eda_max_medium,False,,,,True,0.6061,0.652,0.5634
(eda_max_medium) => eda_max_medium before eda_medium,False,,,,True,0.6667,0.7396,0.6197
(eda_max_medium) => eda_max_medium before eda_peaks_high,False,,,,True,0.5758,0.5758,0.5352
(eda_max_medium) => eda_max_medium before eda_scr_amp_high,True,0.5,0.5319,0.48,False,,,
(eda_max_medium) => eda_max_medium before eda_scr_auc_low,False,,,,True,0.5,0.582,0.4648
(eda_max_medium) => eda_max_medium before valence_medium,False,,,,True,0.6818,0.6818,0.6338
(eda_max_medium) => eda_max_medium contains eda_peaks_medium,True,0.6458,0.6871,0.62,False,,,
(eda_max_medium) => eda_max_medium contains eda_scr_amp_low,True,0.5625,0.6392,0.54,False,,,
(eda_max_medium) => eda_max_medium contains eda_scr_auc_high,True,0.5833,0.5952,0.56,False,,,
(eda_max_medium) => eda_max_medium contains eda_scr_auc_medium,True,0.5,0.5814,0.48,False,,,
(eda_max_medium) => eda_max_medium contains hr_high,True,0.5417,0.6298,0.52,False,,,
(eda_max_medium) => eda_max_medium equals eda_peaks_medium,False,,,,True,0.6818,0.6916,0.6338
(eda_max_medium) => eda_max_medium is-finished-by eda_scr_amp_low,False,,,,True,0.5152,0.5627,0.4789
(eda_max_medium) => eda_max_medium is-finished-by eda_scr_auc_medium,False,,,,True,0.6061,0.6422,0.5634
(eda_max_medium) => eda_max_medium is-finished-by eda_std_high,False,,,,True,0.6061,0.6236,0.5634
(eda_max_medium) => eda_max_medium is-finished-by eda_std_medium,False,,,,True,0.6364,0.6364,0.5915
(eda_max_medium) => eda_max_medium meets arousal_medium,True,0.7083,0.7228,0.68,False,,,
(eda_max_medium) => eda_max_medium meets eda_max_medium,True,0.5625,0.5859,0.54,False,,,
(eda_max_medium) => eda_max_medium meets eda_medium,True,0.7292,0.7757,0.7,False,,,
(eda_max_medium) => eda_max_medium meets eda_peaks_high,True,0.7292,0.7292,0.7,False,,,
(eda_max_medium) => eda_max_medium meets eda_scr_auc_high,False,,,,True,0.6667,0.6667,0.6197
(eda_max_medium) => eda_max_medium meets eda_scr_auc_low,True,0.5208,0.6677,0.5,False,,,
(eda_max_medium) => eda_max_medium meets eda_std_high,True,0.5625,0.574,0.54,False,,,
(eda_max_medium) => eda_max_medium meets eda_std_low,True,0.5,0.5814,0.48,False,,,
(eda_max_medium) => eda_max_medium meets hr_medium,True,0.5208,0.6056,0.5,False,,,
(eda_max_medium) => eda_max_medium meets valence_medium,True,0.6667,0.6667,0.64,False,,,
(eda_medium) => eda_medium before eda_scr_auc_high,True,0.5532,0.5645,0.52,False,,,
(eda_medium) => eda_medium contains eda_peaks_high,False,,,,True,0.6875,0.6875,0.6197
(eda_medium) => eda_medium contains eda_scr_auc_medium,False,,,,True,0.6719,0.712,0.6056
(eda_medium) => eda_medium contains eda_std_medium,False,,,,True,0.6406,0.6406,0.5775
(eda_medium) => eda_medium is-finished-by eda_scr_amp_low,False,,,,True,0.5312,0.5803,0.4789
(eda_medium) => eda_medium is-finished-by eda_std_high,False,,,,True,0.6094,0.627,0.5493
(eda_medium) => eda_medium meets arousal_medium,True,0.6383,0.6513,0.6,True,0.7031,0.7031,0.6338
(eda_medium) => eda_medium meets eda_max_medium,False,,,,True,0.6094,0.6555,0.5493
(eda_medium) => eda_medium meets eda_medium,True,0.617,0.6564,0.58,True,0.7656,0.8494,0.6901
(eda_medium) => eda_medium meets eda_peaks_high,True,0.6596,0.6596,0.62,False,,,
(eda_medium) => eda_medium meets eda_peaks_medium,True,0.6809,0.7243,0.64,True,0.6562,0.6656,0.5915
(eda_medium) => eda_medium meets eda_scr_amp_high,False,,,,True,0.5,0.5145,0.4507
(eda_medium) => eda_medium meets eda_scr_auc_high,False,,,,True,0.6719,0.6719,0.6056
(eda_medium) => eda_medium meets eda_scr_auc_low,True,0.5319,0.6819,0.5,True,0.5469,0.6365,0.493
(eda_medium) => eda_medium meets eda_scr_auc_medium,True,0.5319,0.6185,0.5,False,,,
(eda_medium) => eda_medium meets valence_medium,True,0.6596,0.6596,0.62,True,0.7656,0.7656,0.6901
(eda_medium) => eda_medium overlaps eda_peaks_low,False,,,,True,0.5156,0.5306,0.4648
(eda_peaks_high) => eda_peaks_high before eda_peaks_high,False,,,,True,0.5634,0.5634,0.5634
(eda_peaks_high) => eda_peaks_high before eda_scr_auc_high,False,,,,True,0.5211,0.5211,0.5211
(eda_peaks_high) => eda_peaks_high before eda_scr_auc_medium,True,0.66,0.7674,0.66,False,,,
(eda_peaks_high) => eda_peaks_high before eda_std_high,False,,,,True,0.5493,0.5652,0.5493
(eda_peaks_high) => eda_peaks_high before eda_std_low,False,,,,True,0.5352,0.5846,0.5352
(eda_peaks_high) => eda_peaks_high equals eda_scr_auc_medium,False,,,,True,0.6056,0.6418,0.6056
(eda_peaks_high) => eda_peaks_high equals eda_std_low,True,0.54,0.6279,0.54,False,,,
(eda_peaks_high) => eda_peaks_high meets arousal_medium,False,,,,True,0.6056,0.6056,0.6056
(eda_peaks_high) => eda_peaks_high meets eda_peaks_high,True,0.56,0.56,0.56,False,,,
(eda_peaks_high) => eda_peaks_high meets eda_peaks_medium,True,0.7,0.7447,0.7,True,0.7324,0.7429,0.7324
(eda_peaks_high) => eda_peaks_high meets eda_std_medium,True,0.58,0.6591,0.58,True,0.6901,0.6901,0.6901
(eda_peaks_high) => eda_peaks_high meets valence_medium,True,0.6,0.6,0.6,False,,,
(eda_peaks_high) => eda_peaks_high starts valence_medium,False,,,,True,0.6056,0.6056,0.6056
(eda_peaks_low) => eda_peaks_low before eda_scr_auc_low,False,,,,True,0.5362,0.6241,0.5211
(eda_peaks_low) => eda_peaks_low equals eda_scr_auc_high,True,0.75,0.7653,0.72,False,,,
(eda_peaks_low) => eda_peaks_low equals eda_std_high,True,0.7292,0.744,0.7,True,0.5942,0.6114,0.5775
(eda_peaks_low) => eda_peaks_low equals valence_medium,False,,,,True,0.6087,0.6087,0.5915
(eda_peaks_low) => eda_peaks_low is-finished-by eda_scr_amp_high,True,0.5625,0.5984,0.54,True,0.5652,0.5816,0.5493
(eda_peaks_low) => eda_peaks_low is-finished-by eda_scr_auc_high,False,,,,True,0.7681,0.7681,0.7465
(eda_peaks_low) => eda_peaks_low meets eda_peaks_high,True,0.5208,0.5208,0.5,False,,,
(eda_peaks_low) => eda_peaks_low meets eda_peaks_medium,True,0.7292,0.7757,0.7,True,0.6812,0.6909,0.662
(eda_peaks_low) => eda_peaks_low meets eda_scr_amp_low,True,0.625,0.7102,0.6,False,,,
(eda_peaks_low) => eda_peaks_low meets eda_scr_auc_low,True,0.625,0.8013,0.6,False,,,
(eda_peaks_low) => eda_peaks_low meets eda_scr_auc_medium,False,,,,True,0.5072,0.5375,0.493
(eda_peaks_low) => eda_peaks_low meets eda_std_medium,True,0.5833,0.6629,0.56,False,,,
(eda_peaks_low) => eda_peaks_low overlaps eda_scr_amp_low,False,,,,True,0.5072,0.5541,0.493
(eda_peaks_low) => eda_peaks_low overlaps eda_std_medium,False,,,,True,0.6812,0.6812,0.662
(eda_peaks_low) => eda_peaks_low starts arousal_medium,True,0.5208,0.5315,0.5,True,0.5507,0.5507,0.5352
(eda_peaks_low) => eda_peaks_low starts eda_high,True,0.6042,0.6042,0.58,False,,,
(eda_peaks_low) => eda_peaks_low starts valence_medium,True,0.5208,0.5208,0.5,False,,,
(eda_peaks_medium) => eda_peaks_medium before arousal_medium,False,,,,True,0.5429,0.5429,0.5352
(eda_peaks_medium) => eda_peaks_medium before eda_peaks_medium,False,,,,True,0.5,0.5071,0.493
(eda_peaks_medium) => eda_peaks_medium before eda_std_high,False,,,,True,0.6,0.6174,0.5915
(eda_peaks_medium) => eda_peaks_medium before eda_std_medium,False,,,,True,0.6143,0.6143,0.6056
(eda_peaks_medium) => eda_peaks_medium before valence_high,True,0.5106,0.5803,0.48,False,,,
(eda_peaks_medium) => eda_peaks_medium equals eda_scr_amp_low,False,,,,True,0.5143,0.5618,0.507
(eda_peaks_medium) => eda_peaks_medium equals eda_scr_auc_low,True,0.5106,0.6547,0.48,False,,,
(eda_peaks_medium) => eda_peaks_medium equals eda_std_medium,True,0.5957,0.677,0.56,False,,,
(eda_peaks_medium) => eda_peaks_medium is-finished-by eda_scr_auc_low,False,,,,True,0.6,0.6984,0.5915
(eda_peaks_medium) => eda_peaks_medium is-finished-by hr_medium,True,0.5106,0.5938,0.48,False,,,
(eda_peaks_medium) => eda_peaks_medium meets arousal_medium,True,0.5319,0.5428,0.5,False,,,
(eda_peaks_medium) => eda_peaks_medium meets eda_peaks_high,True,0.7447,0.7447,0.7,True,0.6,0.6,0.5915
(eda_peaks_medium) => eda_peaks_medium meets eda_scr_auc_medium,True,0.7234,0.8412,0.68,True,0.6286,0.6661,0.6197
(eda_peaks_medium) => eda_peaks_medium meets eda_std_low,True,0.5532,0.6432,0.52,False,,,
(eda_peaks_medium) => eda_peaks_medium meets valence_medium,True,0.5319,0.5319,0.5,True,0.6143,0.6143,0.6056
(eda_peaks_medium) => eda_peaks_medium overlaps eda_scr_auc_high,False,,,,True,0.5714,0.5714,0.5634
(eda_scr_amp_high) => eda_scr_amp_high equals eda_scr_auc_high,True,0.8511,0.8684,0.8,True,0.8551,0.8551,0.831
(eda_scr_amp_high) => eda_scr_amp_high meets eda_peaks_medium,True,0.617,0.6564,0.58,True,0.5652,0.5733,0.5493
(eda_scr_amp_high) => eda_scr_amp_high meets eda_scr_amp_low,True,0.5745,0.6528,0.54,True,0.5507,0.6016,0.5352
(eda_scr_amp_high) => eda_scr_amp_high meets eda_scr_auc_low,True,0.5745,0.7365,0.54,False,,,
(eda_scr_amp_high) => eda_scr_amp_high starts arousal_medium,True,0.5106,0.5211,0.48,False,,,
(eda_scr_amp_high) => eda_scr_amp_high starts eda_high,True,0.5319,0.5319,0.5,False,,,
(eda_scr_amp_high) => eda_scr_amp_high starts eda_std_high,True,0.617,0.6296,0.58,True,0.7101,0.7307,0.6901
(eda_scr_amp_high) => eda_scr_amp_high starts eda_std_medium,False,,,,True,0.6232,0.6232,0.6056
(eda_scr_amp_high) => eda_scr_amp_high starts valence_medium,False,,,,True,0.6232,0.6232,0.6056
(eda_scr_amp_low) => eda_scr_amp_low before eda_scr_amp_low,False,,,,True,0.5231,0.5714,0.4789
(eda_scr_amp_low) => eda_scr_amp_low before eda_scr_auc_medium,False,,,,True,0.5846,0.6195,0.5352
(eda_scr_amp_low) => eda_scr_amp_low before eda_std_medium,False,,,,True,0.6308,0.6308,0.5775
(eda_scr_amp_low) => eda_scr_amp_low equals eda_scr_auc_low,True,0.7045,0.9033,0.62,True,0.6615,0.77,0.6056
(eda_scr_amp_low) => eda_scr_amp_low equals eda_std_medium,True,0.5455,0.6198,0.48,False,,,
(eda_scr_amp_low) => eda_scr_amp_low is-finished-by hr_medium,True,0.5,0.5814,0.44,False,,,
(eda_scr_amp_low) => eda_scr_amp_low meets arousal_medium,True,0.5,0.5102,0.44,False,,,
(eda_scr_amp_low) => eda_scr_amp_low meets eda_peaks_high,True,0.5,0.5,0.44,False,,,
(eda_scr_amp_low) => eda_scr_amp_low meets eda_peaks_medium,True,0.5682,0.6044,0.5,True,0.6154,0.6242,0.5634
(eda_scr_amp_low) => eda_scr_amp_low meets eda_scr_amp_high,False,,,,True,0.5077,0.5224,0.4648
(eda_scr_amp_low) => eda_scr_amp_low meets eda_scr_amp_low,True,0.5682,0.6457,0.5,False,,,
(eda_scr_amp_low) => eda_scr_amp_low meets eda_scr_auc_high,True,0.6136,0.6262,0.54,True,0.6769,0.6769,0.6197
(eda_scr_amp_low) => eda_scr_amp_low meets eda_scr_auc_medium,True,0.6364,0.74,0.56,False,,,
(eda_scr_amp_low) => eda_scr_amp_low meets valence_medium,True,0.6591,0.6591,0.58,True,0.6154,0.6154,0.5634
(eda_scr_amp_low) => eda_scr_amp_low starts eda_std_high,False,,,,True,0.6615,0.6807,0.6056
(eda_scr_amp_medium) => eda_scr_amp_medium before eda_peaks_medium,True,0.5,0.5319,0.36,True,0.5849,0.5933,0.4366
(eda_scr_amp_medium) => eda_scr_amp_medium before eda_scr_amp_low,True,0.5278,0.5997,0.38,False,,,
(eda_scr_amp_medium) => eda_scr_amp_medium before eda_scr_auc_low,True,0.5,0.641,0.36,False,,,
(eda_scr_amp_medium) => eda_scr_amp_medium before eda_scr_auc_medium,True,0.5,0.5814,0.36,False,,,
(eda_scr_amp_medium) => eda_scr_amp_medium before eda_std_medium,True,0.6111,0.6944,0.44,False,,,
(eda_scr_amp_medium) => eda_scr_amp_medium before hr_high,True,0.5,0.5814,0.36,False,,,
(eda_scr_amp_medium) => eda_scr_amp_medium equals eda_std_high,False,,,,True,0.7547,0.7766,0.5634
(eda_scr_amp_medium) => eda_scr_amp_medium is-finished-by eda_peaks_high,False,,,,True,0.5472,0.5472,0.4085
(eda_scr_amp_medium) => eda_scr_amp_medium meets eda_peaks_high,True,0.5278,0.5278,0.38,False,,,
(eda_scr_amp_medium) => eda_scr_amp_medium meets eda_scr_amp_high,True,0.5556,0.591,0.4,False,,,
(eda_scr_amp_medium) => eda_scr_amp_medium meets eda_scr_auc_high,False,,,,True,0.7358,0.7358,0.5493
(eda_scr_amp_medium) => eda_scr_amp_medium meets eda_std_medium,False,,,,True,0.566,0.566,0.4225
(eda_scr_amp_medium) => eda_scr_amp_medium starts arousal_medium,True,0.5,0.5102,0.36,True,0.6792,0.6792,0.507
(eda_scr_amp_medium) => eda_scr_amp_medium starts eda_scr_auc_high,True,0.7778,0.7937,0.56,False,,,
(eda_scr_amp_medium) => eda_scr_amp_medium starts eda_std_high,True,0.5278,0.5385,0.38,False,,,
(eda_scr_amp_medium) => eda_scr_amp_medium starts valence_medium,True,0.5278,0.5278,0.38,True,0.6226,0.6226,0.4648
(eda_scr_auc_high) => eda_scr_auc_high before eda_peaks_high,True,0.5918,0.5918,0.58,False,,,
(eda_scr_auc_high) => eda_scr_auc_high before eda_scr_auc_low,False,,,,True,0.5634,0.6557,0.5634
(eda_scr_auc_high) => eda_scr_auc_high equals eda_std_high,True,0.7143,0.7289,0.7,False,,,
(eda_scr_auc_high) => eda_scr_auc_high meets eda_max_low,False,,,,True,0.507,0.507,0.507
(eda_scr_auc_high) => eda_scr_auc_high meets eda_peaks_high,False,,,,True,0.5211,0.5211,0.5211
(eda_scr_auc_high) => eda_scr_auc_high meets eda_peaks_medium,True,0.6122,0.6513,0.6,True,0.6197,0.6286,0.6197
(eda_scr_auc_high) => eda_scr_auc_high meets eda_scr_amp_low,True,0.5918,0.6725,0.58,False,,,
(eda_scr_auc_high) => eda_scr_auc_high meets eda_scr_auc_low,True,0.5306,0.6803,0.52,False,,,
(eda_scr_auc_high) => eda_scr_auc_high meets eda_std_medium,True,0.7143,0.8117,0.7,False,,,
(eda_scr_auc_high) => eda_scr_auc_high overlaps eda_scr_amp_low,False,,,,True,0.5211,0.5692,0.5211
(eda_scr_auc_high) => eda_scr_auc_high starts arousal_medium,True,0.5918,0.6039,0.58,True,0.5352,0.5352,0.5352
(eda_scr_auc_high) => eda_scr_auc_high starts eda_high,True,0.5918,0.5918,0.58,False,,,
(eda_scr_auc_high) => eda_scr_auc_high starts eda_std_high,False,,,,True,0.7887,0.8116,0.7887
(eda_scr_auc_high) => eda_scr_auc_high starts eda_std_medium,False,,,,True,0.7183,0.7183,0.7183
(eda_scr_auc_high) => eda_scr_auc_high starts valence_medium,True,0.5918,0.5918,0.58,True,0.6479,0.6479,0.6479
(eda_scr_auc_low) => eda_scr_auc_low before eda_peaks_medium,False,,,,True,0.541,0.5487,0.4648
(eda_scr_auc_low) => eda_scr_auc_low before eda_std_medium,False,,,,True,0.5738,0.5738,0.493
(eda_scr_auc_low) => eda_scr_auc_low equals eda_std_medium,True,0.5641,0.641,0.44,False,,,
(eda_scr_auc_low) => eda_scr_auc_low meets eda_peaks_high,True,0.5128,0.5128,0.4,False,,,
(eda_scr_auc_low) => eda_scr_auc_low meets eda_peaks_medium,True,0.5641,0.6001,0.44,False,,,
(eda_scr_auc_low) => eda_scr_auc_low meets eda_scr_auc_high,False,,,,True,0.5738,0.5738,0.493
(eda_scr_auc_low) => eda_scr_auc_low meets eda_scr_auc_medium,True,0.7179,0.8348,0.56,True,0.6066,0.6428,0.5211
(eda_scr_auc_low) => eda_scr_auc_low starts eda_std_high,False,,,,True,0.5082,0.5229,0.4366
(eda_scr_auc_low) => eda_scr_auc_low starts valence_medium,False,,,,True,0.5246,0.5246,0.4507
(eda_scr_auc_medium) => eda_scr_auc_medium before eda_peaks_medium,True,0.5349,0.569,0.46,True,0.7015,0.7115,0.662
(eda_scr_auc_medium) => eda_scr_auc_medium meets eda_scr_amp_low,True,0.5116,0.5814,0.44,False,,,
(eda_scr_auc_medium) => eda_scr_auc_medium meets eda_scr_auc_high,False,,,,True,0.5672,0.5672,0.5352
(eda_scr_auc_medium) => eda_scr_auc_medium meets eda_scr_auc_low,True,0.5349,0.6857,0.46,False,,,
(eda_scr_auc_medium) => eda_scr_auc_medium meets eda_std_medium,False,,,,True,0.6866,0.6866,0.6479
(eda_scr_auc_medium) => eda_scr_auc_medium starts arousal_medium,True,0.5814,0.5933,0.5,True,0.5224,0.5224,0.493
(eda_scr_auc_medium) => eda_scr_auc_medium starts eda_peaks_high,True,0.5581,0.5581,0.48,False,,,
(eda_scr_auc_medium) => eda_scr_auc_medium starts eda_std_low,True,0.5814,0.676,0.5,False,,,
(eda_scr_auc_medium) => eda_scr_auc_medium starts eda_std_medium,True,0.6512,0.74,0.56,False,,,
(eda_scr_auc_medium) => eda_scr_auc_medium starts valence_medium,True,0.6512,0.6512,0.56,True,0.5821,0.5821,0.5493
(eda_std_high) => eda_std_high before eda_peaks_medium,False,,,,True,0.6667,0.6762,0.6479
(eda_std_high) => eda_std_high is-finished-by eda_scr_auc_high,True,0.6531,0.6664,0.64,False,,,
(eda_std_high) => eda_std_high meets eda_peaks_high,True,0.5714,0.5714,0.56,True,0.5217,0.5217,0.507
(eda_std_high) => eda_std_high meets eda_peaks_medium,True,0.6531,0.6947,0.64,False,,,
(eda_std_high) => eda_std_high meets eda_scr_amp_low,True,0.6327,0.7189,0.62,False,,,
(eda_std_high) => eda_std_high meets eda_scr_auc_high,False,,,,True,0.5072,0.5072,0.493
(eda_std_high) => eda_std_high meets eda_scr_auc_low,True,0.5918,0.7588,0.58,True,0.5652,0.6579,0.5493
(eda_std_high) => eda_std_high meets eda_std_medium,True,0.7755,0.8813,0.76,True,0.7826,0.7826,0.7606
(eda_std_high) => eda_std_high overlaps eda_scr_amp_low,False,,,,True,0.5507,0.6016,0.5352
(eda_std_high) => eda_std_high starts arousal_medium,True,0.6327,0.6456,0.62,True,0.6377,0.6377,0.6197
(eda_std_high) => eda_std_high starts eda_high,True,0.5918,0.5918,0.58,False,,,
(eda_std_high) => eda_std_high starts valence_medium,True,0.5918,0.5918,0.58,True,0.7536,0.7536,0.7324
(eda_std_low) => eda_std_low before eda_peaks_high,False,,,,True,0.5538,0.5538,0.507
(eda_std_low) => eda_std_low before eda_scr_auc_medium,True,0.6977,0.8112,0.6,False,,,
(eda_std_low) => eda_std_low meets arousal_medium,True,0.5349,0.5458,0.46,False,,,
(eda_std_low) => eda_std_low meets eda_peaks_high,True,0.5814,0.5814,0.5,False,,,
(eda_std_low) => eda_std_low meets eda_peaks_medium,True,0.6744,0.7175,0.58,True,0.7231,0.7334,0.662
(eda_std_low) => eda_std_low meets eda_scr_auc_medium,False,,,,True,0.6615,0.701,0.6056
(eda_std_low) => eda_std_low meets eda_std_low,True,0.5116,0.5949,0.44,False,,,
(eda_std_low) => eda_std_low meets eda_std_medium,True,0.5814,0.6607,0.5,True,0.7077,0.7077,0.6479
(eda_std_low) => eda_std_low overlaps valence_medium,False,,,,True,0.5385,0.5385,0.493
(eda_std_medium) => eda_std_medium contains eda_peaks_medium,False,,,,True,0.6197,0.6286,0.6197
(eda_std_medium) => eda_std_medium contains eda_scr_amp_low,True,0.5455,0.6198,0.48,False,,,
(eda_std_medium) => eda_std_medium contains eda_scr_auc_medium,False,,,,True,0.5493,0.5821,0.5493
(eda_std_medium) => eda_std_medium is-finished-by eda_peaks_high,False,,,,True,0.5634,0.5634,0.5634
(eda_std_medium) => eda_std_medium is-finished-by hr_medium,True,0.5682,0.6607,0.5,False,,,
(eda_std_medium) => eda_std_medium meets arousal_medium,True,0.5909,0.603,0.52,True,0.5915,0.5915,0.5915
(eda_std_medium) => eda_std_medium meets eda_peaks_high,True,0.6591,0.6591,0.58,False,,,
(eda_std_medium) => eda_std_medium meets eda_scr_auc_medium,True,0.6591,0.7664,0.58,False,,,
(eda_std_medium) => eda_std_medium meets eda_std_high,False,,,,True,0.5775,0.5942,0.5775
(eda_std_medium) => eda_std_medium meets eda_std_low,True,0.5455,0.6342,0.48,False,,,
(eda_std_medium) => eda_std_medium meets eda_std_medium,True,0.5227,0.594,0.46,True,0.507,0.507,0.507
(eda_std_medium) => eda_std_medium meets valence_medium,True,0.6364,0.6364,0.56,True,0.6479,0.6479,0.6479
(eda_std_medium) => eda_std_medium starts eda_peaks_medium,True,0.5455,0.5803,0.48,False,,,
(hr_high) => hr_high before eda_peaks_high,True,0.6512,0.6512,0.56,False,,,
(hr_high) => hr_high equals valence_medium,False,,,,True,0.617,0.617,0.4085
(hr_high) => hr_high is-finished-by eda_scr_auc_high,False,,,,True,0.5532,0.5532,0.3662
(hr_high) => hr_high meets eda_peaks_medium,False,,,,True,0.5745,0.5827,0.3803
(hr_high) => hr_high meets hr_medium,True,0.6279,0.7301,0.54,True,0.5745,0.8678,0.3803
(hr_high) => hr_high overlaps eda_std_medium,False,,,,True,0.6809,0.6809,0.4507
(hr_high) => hr_high starts arousal_medium,True,0.5814,0.5933,0.5,True,0.5957,0.5957,0.3944
(hr_high) => hr_high starts eda_high,True,0.5349,0.5349,0.46,False,,,
(hr_high) => hr_high starts eda_peaks_medium,True,0.5116,0.5443,0.44,False,,,
(hr_high) => hr_high starts eda_scr_auc_high,True,0.5814,0.5933,0.5,False,,,
(hr_high) => hr_high starts eda_std_high,True,0.5581,0.5695,0.48,True,0.5319,0.5473,0.3521
(hr_high) => hr_high starts valence_medium,True,0.5581,0.5581,0.48,False,,,
(hr_low) => hr_low before arousal_medium,False,,,,True,0.5227,0.5227,0.3239
(hr_low) => hr_low before eda_peaks_medium,False,,,,True,0.6818,0.6916,0.4225
(hr_low) => hr_low before eda_scr_amp_low,True,0.5,0.5682,0.38,False,,,
(hr_low) => hr_low before eda_scr_auc_low,False,,,,True,0.5227,0.6084,0.3239
(hr_low) => hr_low before eda_std_medium,False,,,,True,0.5682,0.5682,0.3521
(hr_low) => hr_low before hr_low,True,0.5789,0.7618,0.44,True,0.5455,0.8802,0.338
(hr_low) => hr_low equals valence_medium,False,,,,True,0.5682,0.5682,0.3521
(hr_low) => hr_low meets eda_peaks_high,True,0.6579,0.6579,0.5,True,0.5909,0.5909,0.3662
(hr_low) => hr_low meets eda_scr_auc_medium,False,,,,True,0.7045,0.7466,0.4366
(hr_low) => hr_low meets eda_std_low,True,0.5,0.5814,0.38,False,,,
(hr_low) => hr_low meets hr_medium,True,0.5789,0.6732,0.44,True,0.5227,0.7897,0.3239
(hr_low) => hr_low starts arousal_medium,True,0.5263,0.5371,0.4,False,,,
(hr_low) => hr_low starts valence_medium,True,0.6842,0.6842,0.52,False,,,
(hr_medium) => hr_medium before eda_peaks_high,False,,,,True,0.5745,0.5745,0.3803
(hr_medium) => hr_medium before eda_scr_auc_medium,False,,,,True,0.5745,0.6088,0.3803
(hr_medium) => hr_medium before hr_medium,True,0.6047,0.7031,0.52,True,0.5319,0.8035,0.3521
(hr_medium) => hr_medium is-finished-by eda_peaks_high,True,0.6512,0.6512,0.56,False,,,
(hr_medium) => hr_medium meets eda_peaks_medium,True,0.5581,0.5938,0.48,False,,,
(hr_medium) => hr_medium meets eda_std_medium,False,,,,True,0.5319,0.5319,0.3521
(hr_medium) => hr_medium meets valence_medium,True,0.5814,0.5814,0.5,True,0.5957,0.5957,0.3944
(hr_medium) => hr_medium starts eda_peaks_medium,False,,,,True,0.5957,0.6043,0.3944
(hrv_cvnn_high) => hrv_cvnn_high equals hrv_cvsd_high,True,0.7073,0.8841,0.58,True,0.7,0.8875,0.5915
(hrv_cvnn_high) => hrv_cvnn_high equals hrv_pnn20_high,False,,,,True,0.5333,0.6311,0.4507
(hrv_cvnn_high) => hrv_cvnn_high equals hrv_pnn50_high,True,0.5366,0.6879,0.44,True,0.5167,0.6551,0.4366
(hrv_cvnn_high) => hrv_cvnn_high equals hrv_rmssd_high,True,0.6585,0.8443,0.54,True,0.6833,0.8664,0.5775
(hrv_cvnn_high) => hrv_cvnn_high equals hrv_sdnn_high,True,0.9512,1.1061,0.78,True,0.9,1.065,0.7606
(hrv_cvnn_high) => hrv_cvnn_high meets arousal_medium,True,0.561,0.5724,0.46,True,0.6667,0.6667,0.5634
(hrv_cvnn_high) => hrv_cvnn_high meets eda_peaks_high,True,0.5366,0.5366,0.44,False,,,
(hrv_cvnn_high) => hrv_cvnn_high meets eda_peaks_medium,False,,,,True,0.5,0.5071,0.4225
(hrv_cvnn_high) => hrv_cvnn_high meets eda_scr_auc_high,False,,,,True,0.5833,0.5833,0.493
(hrv_cvnn_high) => hrv_cvnn_high meets eda_scr_auc_medium,True,0.5122,0.5956,0.42,False,,,
(hrv_cvnn_high) => hrv_cvnn_high meets eda_std_high,False,,,,True,0.5,0.5145,0.4225
(hrv_cvnn_high) => hrv_cvnn_high meets eda_std_medium,False,,,,True,0.5333,0.5333,0.4507
(hrv_cvnn_high) => hrv_cvnn_high meets valence_medium,True,0.6829,0.6829,0.56,True,0.6,0.6,0.507
(hrv_cvnn_low) => hrv_cvnn_low before eda_max_low,True,0.5135,0.5349,0.38,False,,,
(hrv_cvnn_low) => hrv_cvnn_low before eda_peaks_medium,False,,,,True,0.549,0.5569,0.3944
(hrv_cvnn_low) => hrv_cvnn_low equals hrv_cvsd_low,True,0.7297,0.9356,0.54,True,0.8235,1.1694,0.5915
(hrv_cvnn_low) => hrv_cvnn_low equals hrv_pnn20_low,False,,,,True,0.6471,0.8204,0.4648
(hrv_cvnn_low) => hrv_cvnn_low equals hrv_pnn50_low,False,,,,True,0.6863,0.937,0.493
(hrv_cvnn_low) => hrv_cvnn_low equals hrv_rmssd_low,True,0.7027,0.9009,0.52,True,0.6863,0.9554,0.493
(hrv_cvnn_low) => hrv_cvnn_low equals hrv_sdnn_low,True,0.9189,1.1781,0.68,True,0.9216,1.2346,0.662
(hrv_cvnn_low) => hrv_cvnn_low equals temp_high,True,0.5135,0.6113,0.38,False,,,
(hrv_cvnn_low) => hrv_cvnn_low meets arousal_medium,True,0.5405,0.5516,0.4,True,0.6863,0.6863,0.493
(hrv_cvnn_low) => hrv_cvnn_low meets eda_peaks_high,True,0.5405,0.5405,0.4,True,0.5686,0.5686,0.4085
(hrv_cvnn_low) => hrv_cvnn_low meets eda_peaks_medium,True,0.5405,0.575,0.4,False,,,
(hrv_cvnn_low) => hrv_cvnn_low meets eda_scr_auc_high,False,,,,True,0.5098,0.5098,0.3662
(hrv_cvnn_low) => hrv_cvnn_low meets eda_scr_auc_low,True,0.5946,0.7623,0.44,False,,,
(hrv_cvnn_low) => hrv_cvnn_low meets eda_scr_auc_medium,False,,,,True,0.5294,0.561,0.3803
(hrv_cvnn_low) => hrv_cvnn_low meets eda_std_low,True,0.5135,0.5971,0.38,False,,,
(hrv_cvnn_low) => hrv_cvnn_low meets valence_medium,True,0.6216,0.6216,0.46,True,0.5882,0.5882,0.4225
(hrv_cvnn_medium) => hrv_cvnn_medium before eda_peaks_high,False,,,,True,0.5,0.5,0.3662
(hrv_cvnn_medium) => hrv_cvnn_medium before eda_peaks_medium,True,0.7436,0.7911,0.58,True,0.6538,0.6632,0.4789
(hrv_cvnn_medium) => hrv_cvnn_medium before eda_scr_auc_medium,True,0.5897,0.6857,0.46,True,0.5385,0.5706,0.3944
(hrv_cvnn_medium) => hrv_cvnn_medium before eda_std_medium,False,,,,True,0.5192,0.5192,0.3803
(hrv_cvnn_medium) => hrv_cvnn_medium equals hrv_cvsd_medium,False,,,,True,0.5577,0.7199,0.4085
(hrv_cvnn_medium) => hrv_cvnn_medium equals hrv_sdnn_medium,True,0.6923,0.9615,0.54,True,0.8077,1.1028,0.5915
(hrv_cvnn_medium) => hrv_cvnn_medium meets arousal_medium,True,0.6154,0.6279,0.48,True,0.6923,0.6923,0.507
(hrv_cvnn_medium) => hrv_cvnn_medium meets eda_peaks_high,True,0.5128,0.5128,0.4,False,,,
(hrv_cvnn_medium) => hrv_cvnn_medium meets eda_scr_auc_high,True,0.5128,0.5233,0.4,True,0.5,0.5,0.3662
(hrv_cvnn_medium) => hrv_cvnn_medium meets eda_std_high,False,,,,True,0.5192,0.5343,0.3803
(hrv_cvnn_medium) => hrv_cvnn_medium meets valence_medium,True,0.6923,0.6923,0.54,True,0.7115,0.7115,0.5211
(hrv_cvsd_high) => hrv_cvsd_high before eda_peaks_medium,False,,,,True,0.5536,0.5615,0.4366
(hrv_cvsd_high) => hrv_cvsd_high before eda_scr_auc_high,True,0.525,0.5357,0.42,False,,,
(hrv_cvsd_high) => hrv_cvsd_high before eda_std_medium,False,,,,True,0.5893,0.5893,0.4648
(hrv_cvsd_high) => hrv_cvsd_high equals hrv_pnn20_high,False,,,,True,0.5179,0.6128,0.4085
(hrv_cvsd_high) => hrv_cvsd_high equals hrv_pnn50_high,True,0.675,0.8654,0.54,True,0.6607,0.8377,0.5211
(hrv_cvsd_high) => hrv_cvsd_high equals hrv_rmssd_high,True,0.95,1.2179,0.76,True,0.875,1.1094,0.6901
(hrv_cvsd_high) => hrv_cvsd_high equals hrv_sdnn_high,True,0.775,0.9012,0.62,True,0.8571,1.0143,0.6761
(hrv_cvsd_high) => hrv_cvsd_high meets arousal_medium,True,0.575,0.5867,0.46,True,0.5893,0.5893,0.4648
(hrv_cvsd_high) => hrv_cvsd_high meets eda_peaks_high,True,0.525,0.525,0.42,False,,,
(hrv_cvsd_high) => hrv_cvsd_high meets eda_scr_auc_high,False,,,,True,0.5893,0.5893,0.4648
(hrv_cvsd_high) => hrv_cvsd_high meets eda_std_high,False,,,,True,0.5893,0.6064,0.4648
(hrv_cvsd_high) => hrv_cvsd_high meets valence_medium,True,0.55,0.55,0.44,True,0.5714,0.5714,0.4507
(hrv_cvsd_low) => hrv_cvsd_low before eda_peaks_medium,True,0.5385,0.5728,0.42,True,0.56,0.568,0.3944
(hrv_cvsd_low) => hrv_cvsd_low before eda_scr_auc_medium,False,,,,True,0.5,0.5299,0.3521
(hrv_cvsd_low) => hrv_cvsd_low before eda_std_medium,False,,,,True,0.56,0.56,0.3944
(hrv_cvsd_low) => hrv_cvsd_low equals hrv_pnn20_low,True,0.5128,0.7326,0.4,True,0.74,0.9382,0.5211
(hrv_cvsd_low) => hrv_cvsd_low equals hrv_pnn50_low,True,0.5641,0.7232,0.44,True,0.74,1.0104,0.5211
(hrv_cvsd_low) => hrv_cvsd_low equals hrv_rmssd_low,True,0.8974,1.1506,0.7,True,0.84,1.1694,0.5915
(hrv_cvsd_low) => hrv_cvsd_low equals hrv_sdnn_low,True,0.7692,0.9862,0.6,True,0.78,1.0449,0.5493
(hrv_cvsd_low) => hrv_cvsd_low meets arousal_medium,True,0.5897,0.6018,0.46,True,0.62,0.62,0.4366
(hrv_cvsd_low) => hrv_cvsd_low meets eda_peaks_high,False,,,,True,0.5,0.5,0.3521
(hrv_cvsd_low) => hrv_cvsd_low meets eda_scr_amp_medium,False,,,,True,0.56,0.7502,0.3944
(hrv_cvsd_low) => hrv_cvsd_low meets valence_medium,True,0.5897,0.5897,0.46,True,0.64,0.64,0.4507
(hrv_cvsd_medium) => hrv_cvsd_medium before eda_peaks_medium,True,0.6316,0.6719,0.48,False,,,
(hrv_cvsd_medium) => hrv_cvsd_medium before eda_scr_auc_medium,False,,,,True,0.5455,0.578,0.4225
(hrv_cvsd_medium) => hrv_cvsd_medium before hr_medium,True,0.5,0.5814,0.38,False,,,
(hrv_cvsd_medium) => hrv_cvsd_medium equals hrv_pnn50_medium,False,,,,True,0.5455,0.7041,0.4225
(hrv_cvsd_medium) => hrv_cvsd_medium equals hrv_rmssd_medium,True,0.8158,1.0734,0.62,True,0.6727,0.9185,0.5211
(hrv_cvsd_medium) => hrv_cvsd_medium equals hrv_sdnn_medium,False,,,,True,0.5091,0.6951,0.3944
(hrv_cvsd_medium) => hrv_cvsd_medium meets arousal_medium,True,0.5526,0.5639,0.42,True,0.6909,0.6909,0.5352
(hrv_cvsd_medium) => hrv_cvsd_medium meets eda_max_medium,False,,,,True,0.5091,0.5477,0.3944
(hrv_cvsd_medium) => hrv_cvsd_medium meets eda_peaks_high,True,0.6053,0.6053,0.46,False,,,
(hrv_cvsd_medium) => hrv_cvsd_medium meets eda_peaks_medium,False,,,,True,0.5091,0.5164,0.3944
(hrv_cvsd_medium) => hrv_cvsd_medium meets eda_scr_amp_low,True,0.5,0.5682,0.38,False,,,
(hrv_cvsd_medium) => hrv_cvsd_medium meets eda_scr_auc_high,False,,,,True,0.5273,0.5273,0.4085
(hrv_cvsd_medium) => hrv_cvsd_medium meets eda_scr_auc_low,True,0.5,0.641,0.38,False,,,
(hrv_cvsd_medium) => hrv_cvsd_medium meets eda_scr_auc_medium,True,0.6053,0.7038,0.46,False,,,
(hrv_cvsd_medium) => hrv_cvsd_medium meets eda_std_high,False,,,,True,0.5091,0.5238,0.3944
(hrv_cvsd_medium) => hrv_cvsd_medium meets eda_std_medium,False,,,,True,0.5091,0.5091,0.3944
(hrv_cvsd_medium) => hrv_cvsd_medium meets valence_medium,True,0.7632,0.7632,0.58,True,0.6727,0.6727,0.5211
(hrv_hfn_high) => hrv_hfn_high before eda_peaks_medium,True,0.5312,0.5652,0.34,True,0.5,0.5071,0.2958
(hrv_hfn_high) => hrv_hfn_high before eda_scr_auc_medium,False,,,,True,0.5238,0.5551,0.3099
(hrv_hfn_high) => hrv_hfn_high equals temp_high,False,,,,True,0.5476,0.659,0.3239
(hrv_hfn_high) => hrv_hfn_high meets arousal_medium,True,0.625,0.6378,0.4,True,0.5476,0.5476,0.3239
(hrv_hfn_high) => hrv_hfn_high meets eda_peaks_high,True,0.5625,0.5625,0.36,True,0.5476,0.5476,0.3239
(hrv_hfn_high) => hrv_hfn_high meets eda_scr_amp_medium,False,,,,True,0.5,0.6698,0.2958
(hrv_hfn_high) => hrv_hfn_high meets eda_scr_auc_low,True,0.5312,0.6811,0.34,False,,,
(hrv_hfn_high) => hrv_hfn_high meets valence_medium,True,0.8125,0.8125,0.52,True,0.6667,0.6667,0.3944
(hrv_hfn_low) => hrv_hfn_low before eda_max_low,True,0.5,0.5208,0.4,False,,,
(hrv_hfn_low) => hrv_hfn_low meets arousal_medium,True,0.55,0.5612,0.44,True,0.6042,0.6042,0.4085
(hrv_hfn_low) => hrv_hfn_low meets eda_peaks_high,True,0.55,0.55,0.44,True,0.5208,0.5208,0.3521
(hrv_hfn_low) => hrv_hfn_low meets eda_scr_auc_high,True,0.5,0.5102,0.4,True,0.5,0.5,0.338
(hrv_hfn_low) => hrv_hfn_low meets eda_scr_auc_low,True,0.525,0.6731,0.42,False,,,
(hrv_hfn_low) => hrv_hfn_low meets valence_medium,True,0.575,0.575,0.46,True,0.6042,0.6042,0.4085
(hrv_hfn_medium) => hrv_hfn_medium before eda_peaks_medium,True,0.8148,0.8668,0.44,False,,,
(hrv_hfn_medium) => hrv_hfn_medium before eda_scr_auc_high,False,,,,True,0.5758,0.5758,0.2676
(hrv_hfn_medium) => hrv_hfn_medium before eda_std_medium,False,,,,True,0.6061,0.6061,0.2817
(hrv_hfn_medium) => hrv_hfn_medium before hr_medium,True,0.5556,0.646,0.3,False,,,
(hrv_hfn_medium) => hrv_hfn_medium equals hrv_rmssd_medium,False,,,,True,0.5152,0.7034,0.2394
(hrv_hfn_medium) => hrv_hfn_medium meets arousal_medium,True,0.6667,0.6803,0.36,True,0.697,0.697,0.3239
(hrv_hfn_medium) => hrv_hfn_medium meets eda_max_low,True,0.5926,0.6173,0.32,False,,,
(hrv_hfn_medium) => hrv_hfn_medium meets eda_max_medium,False,,,,True,0.5455,0.5868,0.2535
(hrv_hfn_medium) => hrv_hfn_medium meets eda_medium,False,,,,True,0.5152,0.5715,0.2394
(hrv_hfn_medium) => hrv_hfn_medium meets eda_peaks_medium,False,,,,True,0.6364,0.6455,0.2958
(hrv_hfn_medium) => hrv_hfn_medium meets eda_scr_amp_low,True,0.5926,0.6734,0.32,False,,,
(hrv_hfn_medium) => hrv_hfn_medium meets eda_scr_amp_medium,False,,,,True,0.5152,0.6901,0.2394
(hrv_hfn_medium) => hrv_hfn_medium meets eda_scr_auc_low,True,0.6296,0.8072,0.34,False,,,
(hrv_hfn_medium) => hrv_hfn_medium meets eda_scr_auc_medium,False,,,,True,0.5758,0.6101,0.2676
(hrv_hfn_medium) => hrv_hfn_medium meets eda_std_low,True,0.5926,0.6891,0.32,False,,,
(hrv_hfn_medium) => hrv_hfn_medium meets valence_medium,True,0.8148,0.8148,0.44,True,0.697,0.697,0.3239
(hrv_pnn20_high) => hrv_pnn20_high before eda_peaks_medium,True,0.575,0.6117,0.46,False,,,
(hrv_pnn20_high) => hrv_pnn20_high before eda_scr_auc_high,True,0.55,0.5612,0.44,False,,,
(hrv_pnn20_high) => hrv_pnn20_high before eda_std_medium,False,,,,True,0.5167,0.5167,0.4366
(hrv_pnn20_high) => hrv_pnn20_high equals hrv_pnn50_high,False,,,,True,0.55,0.6973,0.4648
(hrv_pnn20_high) => hrv_pnn20_high equals hrv_rmssd_high,False,,,,True,0.65,0.8241,0.5493
(hrv_pnn20_high) => hrv_pnn20_high equals hrv_sdnn_high,False,,,,True,0.6333,0.7494,0.5352
(hrv_pnn20_high) => hrv_pnn20_high meets arousal_medium,True,0.525,0.5357,0.42,True,0.7,0.7,0.5915
(hrv_pnn20_high) => hrv_pnn20_high meets eda_max_low,True,0.5,0.5208,0.4,False,,,
(hrv_pnn20_high) => hrv_pnn20_high meets eda_peaks_high,True,0.55,0.55,0.44,False,,,
(hrv_pnn20_high) => hrv_pnn20_high meets eda_peaks_medium,False,,,,True,0.5667,0.5748,0.4789
(hrv_pnn20_high) => hrv_pnn20_high meets eda_scr_amp_low,True,0.5,0.5682,0.4,False,,,
(hrv_pnn20_high) => hrv_pnn20_high meets eda_scr_auc_medium,False,,,,True,0.55,0.5828,0.4648
(hrv_pnn20_high) => hrv_pnn20_high meets eda_std_high,True,0.5,0.5102,0.4,False,,,
(hrv_pnn20_high) => hrv_pnn20_high meets valence_medium,True,0.675,0.675,0.54,True,0.65,0.65,0.5493
(hrv_pnn20_low) => hrv_pnn20_low before eda_peaks_medium,True,0.5714,0.6079,0.4,True,0.5893,0.5977,0.4648
(hrv_pnn20_low) => hrv_pnn20_low before eda_scr_auc_medium,True,0.5429,0.6312,0.38,True,0.5714,0.6055,0.4507
(hrv_pnn20_low) => hrv_pnn20_low before eda_std_medium,False,,,,True,0.6071,0.6071,0.4789
(hrv_pnn20_low) => hrv_pnn20_low equals hrv_pnn50_low,True,0.6,0.7692,0.42,True,0.6071,0.829,0.4789
(hrv_pnn20_low) => hrv_pnn20_low equals hrv_rmssd_low,True,0.6857,0.8791,0.48,True,0.5536,0.7707,0.4366
(hrv_pnn20_low) => hrv_pnn20_low equals hrv_sdnn_low,True,0.6571,0.8425,0.46,True,0.5357,0.7177,0.4225
(hrv_pnn20_low) => hrv_pnn20_low equals temp_high,True,0.5143,0.6122,0.36,False,,,
(hrv_pnn20_low) => hrv_pnn20_low meets arousal_medium,True,0.6,0.6122,0.42,True,0.6607,0.6607,0.5211
(hrv_pnn20_low) => hrv_pnn20_low meets eda_max_medium,False,,,,True,0.5,0.5379,0.3944
(hrv_pnn20_low) => hrv_pnn20_low meets eda_scr_amp_low,True,0.5429,0.6169,0.38,False,,,
(hrv_pnn20_low) => hrv_pnn20_low meets eda_scr_auc_high,False,,,,True,0.5,0.5,0.3944
(hrv_pnn20_low) => hrv_pnn20_low meets hr_high,True,0.5714,0.6645,0.4,False,,,
(hrv_pnn20_low) => hrv_pnn20_low meets valence_medium,True,0.5714,0.5714,0.4,True,0.5893,0.5893,0.4648
(hrv_pnn20_medium) => hrv_pnn20_medium before eda_scr_amp_medium,False,,,,True,0.5319,0.7126,0.3521
(hrv_pnn20_medium) => hrv_pnn20_medium before eda_std_medium,False,,,,True,0.5319,0.5319,0.3521
(hrv_pnn20_medium) => hrv_pnn20_medium equals hrv_pnn50_medium,True,0.5135,0.6419,0.38,False,,,
(hrv_pnn20_medium) => hrv_pnn20_medium equals temp_high,True,0.5405,0.6435,0.4,False,,,
(hrv_pnn20_medium) => hrv_pnn20_medium meets arousal_medium,True,0.5405,0.5516,0.4,True,0.5957,0.5957,0.3944
(hrv_pnn20_medium) => hrv_pnn20_medium meets eda_peaks_high,True,0.5676,0.5676,0.42,False,,,
(hrv_pnn20_medium) => hrv_pnn20_medium meets eda_scr_auc_high,False,,,,True,0.5745,0.5745,0.3803
(hrv_pnn20_medium) => hrv_pnn20_medium meets eda_scr_auc_low,True,0.5676,0.7277,0.42,False,,,
(hrv_pnn20_medium) => hrv_pnn20_medium meets eda_std_high,False,,,,True,0.5106,0.5254,0.338
(hrv_pnn20_medium) => hrv_pnn20_medium meets eda_std_low,True,0.5135,0.5971,0.38,False,,,
(hrv_pnn20_medium) => hrv_pnn20_medium meets valence_medium,True,0.6486,0.6486,0.48,True,0.6596,0.6596,0.4366
(hrv_pnn50_high) => hrv_pnn50_high before eda_std_medium,False,,,,True,0.625,0.625,0.493
(hrv_pnn50_high) => hrv_pnn50_high equals hrv_rmssd_high,True,0.7179,0.9204,0.56,True,0.7857,0.9962,0.6197
(hrv_pnn50_high) => hrv_pnn50_high equals hrv_sdnn_high,True,0.5897,0.6857,0.46,True,0.7679,0.9086,0.6056
(hrv_pnn50_high) => hrv_pnn50_high meets arousal_medium,True,0.5897,0.6018,0.46,True,0.6964,0.6964,0.5493
(hrv_pnn50_high) => hrv_pnn50_high meets eda_peaks_high,True,0.5641,0.5641,0.44,False,,,
(hrv_pnn50_high) => hrv_pnn50_high meets eda_peaks_medium,False,,,,True,0.6071,0.6158,0.4789
(hrv_pnn50_high) => hrv_pnn50_high meets eda_scr_auc_high,True,0.5128,0.5233,0.4,True,0.5893,0.5893,0.4648
(hrv_pnn50_high) => hrv_pnn50_high meets eda_scr_auc_medium,True,0.5385,0.6261,0.42,True,0.5179,0.5488,0.4085
(hrv_pnn50_high) => hrv_pnn50_high meets eda_std_high,False,,,,True,0.5357,0.5512,0.4225
(hrv_pnn50_high) => hrv_pnn50_high meets valence_medium,True,0.7179,0.7179,0.56,True,0.625,0.625,0.493
(hrv_pnn50_low) => hrv_pnn50_low equals hrv_rmssd_low,True,0.5897,0.7561,0.46,True,0.6346,0.8835,0.4648
(hrv_pnn50_low) => hrv_pnn50_low equals hrv_sdnn_low,True,0.5897,0.7561,0.46,True,0.5962,0.7986,0.4366
(hrv_pnn50_low) => hrv_pnn50_low equals temp_high,True,0.5641,0.6716,0.44,False,,,
(hrv_pnn50_low) => hrv_pnn50_low meets arousal_medium,True,0.6154,0.6279,0.48,True,0.6731,0.6731,0.493
(hrv_pnn50_low) => hrv_pnn50_low meets eda_peaks_high,True,0.5128,0.5128,0.4,True,0.5385,0.5385,0.3944
(hrv_pnn50_low) => hrv_pnn50_low meets eda_scr_auc_high,False,,,,True,0.5,0.5,0.3662
(hrv_pnn50_low) => hrv_pnn50_low meets eda_scr_auc_medium,False,,,,True,0.5385,0.5706,0.3944
(hrv_pnn50_low) => hrv_pnn50_low meets eda_std_high,False,,,,True,0.5,0.5145,0.3662
(hrv_pnn50_low) => hrv_pnn50_low meets valence_medium,True,0.5897,0.5897,0.46,True,0.6538,0.6538,0.4789
(hrv_pnn50_medium) => hrv_pnn50_medium before eda_peaks_medium,True,0.55,0.5851,0.44,False,,,
(hrv_pnn50_medium) => hrv_pnn50_medium before eda_std_medium,False,,,,True,0.5818,0.5818,0.4507
(hrv_pnn50_medium) => hrv_pnn50_medium equals temp_high,True,0.525,0.625,0.42,False,,,
(hrv_pnn50_medium) => hrv_pnn50_medium meets arousal_medium,True,0.6,0.6122,0.48,True,0.6364,0.6364,0.493
(hrv_pnn50_medium) => hrv_pnn50_medium meets eda_peaks_high,True,0.525,0.525,0.42,False,,,
(hrv_pnn50_medium) => hrv_pnn50_medium meets eda_peaks_medium,False,,,,True,0.5091,0.5164,0.3944
(hrv_pnn50_medium) => hrv_pnn50_medium meets eda_scr_amp_low,True,0.525,0.5966,0.42,False,,,
(hrv_pnn50_medium) => hrv_pnn50_medium meets eda_scr_auc_medium,True,0.55,0.6395,0.44,False,,,
(hrv_pnn50_medium) => hrv_pnn50_medium meets valence_medium,True,0.65,0.65,0.52,True,0.6727,0.6727,0.5211
(hrv_rmssd_high) => hrv_rmssd_high before eda_peaks_high,True,0.5641,0.5641,0.44,False,,,
(hrv_rmssd_high) => hrv_rmssd_high before eda_peaks_medium,False,,,,True,0.5714,0.5796,0.4507
(hrv_rmssd_high) => hrv_rmssd_high before eda_scr_auc_high,True,0.5128,0.5233,0.4,False,,,
(hrv_rmssd_high) => hrv_rmssd_high equals hrv_sdnn_high,True,0.7692,0.8945,0.6,True,0.8571,1.0143,0.6761
(hrv_rmssd_high) => hrv_rmssd_high meets arousal_medium,True,0.5385,0.5495,0.42,True,0.625,0.625,0.493
(hrv_rmssd_high) => hrv_rmssd_high meets eda_peaks_medium,True,0.5128,0.5456,0.4,False,,,
(hrv_rmssd_high) => hrv_rmssd_high meets eda_scr_auc_high,False,,,,True,0.6071,0.6071,0.4789
(hrv_rmssd_high) => hrv_rmssd_high meets eda_scr_auc_medium,False,,,,True,0.5179,0.5488,0.4085
(hrv_rmssd_high) => hrv_rmssd_high meets eda_std_high,False,,,,True,0.5893,0.6064,0.4648
(hrv_rmssd_high) => hrv_rmssd_high meets eda_std_medium,True,0.5385,0.6119,0.42,True,0.5179,0.5179,0.4085
(hrv_rmssd_high) => hrv_rmssd_high meets valence_medium,True,0.5897,0.5897,0.46,True,0.5714,0.5714,0.4507
(hrv_rmssd_low) => hrv_rmssd_low before eda_peaks_medium,True,0.5128,0.5456,0.4,True,0.5686,0.5768,0.4085
(hrv_rmssd_low) => hrv_rmssd_low before eda_scr_auc_medium,False,,,,True,0.6078,0.6441,0.4366
(hrv_rmssd_low) => hrv_rmssd_low before eda_std_medium,False,,,,True,0.5294,0.5294,0.3803
(hrv_rmssd_low) => hrv_rmssd_low equals hrv_sdnn_low,True,0.7436,0.9533,0.58,True,0.6471,0.8668,0.4648
(hrv_rmssd_low) => hrv_rmssd_low meets arousal_medium,True,0.5385,0.5495,0.42,True,0.6471,0.6471,0.4648
(hrv_rmssd_low) => hrv_rmssd_low meets eda_peaks_high,False,,,,True,0.5294,0.5294,0.3803
(hrv_rmssd_low) => hrv_rmssd_low meets eda_scr_amp_medium,False,,,,True,0.5098,0.6829,0.3662
(hrv_rmssd_low) => hrv_rmssd_low meets valence_medium,True,0.5385,0.5385,0.42,True,0.7255,0.7255,0.5211
(hrv_rmssd_medium) => hrv_rmssd_medium before arousal_medium,False,,,,True,0.6731,0.6731,0.493
(hrv_rmssd_medium) => hrv_rmssd_medium before eda_peaks_medium,True,0.6316,0.6719,0.48,False,,,
(hrv_rmssd_medium) => hrv_rmssd_medium before valence_medium,False,,,,True,0.6538,0.6538,0.4789
(hrv_rmssd_medium) => hrv_rmssd_medium equals hrv_sdnn_medium,True,0.5263,0.731,0.4,False,,,
(hrv_rmssd_medium) => hrv_rmssd_medium meets arousal_medium,True,0.5789,0.5908,0.44,False,,,
(hrv_rmssd_medium) => hrv_rmssd_medium meets eda_peaks_high,True,0.5,0.5,0.38,False,,,
(hrv_rmssd_medium) => hrv_rmssd_medium meets eda_peaks_medium,False,,,,True,0.6346,0.6437,0.4648
(hrv_rmssd_medium) => hrv_rmssd_medium meets eda_scr_auc_high,False,,,,True,0.5577,0.5577,0.4085
(hrv_rmssd_medium) => hrv_rmssd_medium meets eda_scr_auc_low,True,0.5263,0.6748,0.4,False,,,
(hrv_rmssd_medium) => hrv_rmssd_medium meets eda_scr_auc_medium,True,0.5263,0.612,0.4,False,,,
(hrv_rmssd_medium) => hrv_rmssd_medium meets eda_std_medium,False,,,,True,0.5577,0.5577,0.4085
(hrv_rmssd_medium) => hrv_rmssd_medium meets valence_medium,True,0.6842,0.6842,0.52,False,,,
(hrv_sdnn_high) => hrv_sdnn_high before eda_scr_auc_medium,False,,,,True,0.55,0.5828,0.4648
(hrv_sdnn_high) => hrv_sdnn_high meets arousal_medium,True,0.5349,0.5458,0.46,True,0.6333,0.6333,0.5352
(hrv_sdnn_high) => hrv_sdnn_high meets eda_peaks_high,True,0.5814,0.5814,0.5,False,,,
(hrv_sdnn_high) => hrv_sdnn_high meets eda_peaks_medium,False,,,,True,0.5167,0.524,0.4366
(hrv_sdnn_high) => hrv_sdnn_high meets eda_scr_auc_high,False,,,,True,0.5667,0.5667,0.4789
(hrv_sdnn_high) => hrv_sdnn_high meets eda_scr_auc_low,True,0.5116,0.6559,0.44,False,,,
(hrv_sdnn_high) => hrv_sdnn_high meets eda_std_high,False,,,,True,0.5,0.5145,0.4225
(hrv_sdnn_high) => hrv_sdnn_high meets eda_std_medium,False,,,,True,0.5333,0.5333,0.4507
(hrv_sdnn_high) => hrv_sdnn_high meets valence_medium,True,0.6744,0.6744,0.58,True,0.55,0.55,0.4648
(hrv_sdnn_low) => hrv_sdnn_low before eda_peaks_medium,False,,,,True,0.5283,0.5358,0.3944
(hrv_sdnn_low) => hrv_sdnn_low equals temp_high,True,0.5385,0.641,0.42,False,,,
(hrv_sdnn_low) => hrv_sdnn_low meets arousal_medium,True,0.5128,0.5233,0.4,True,0.6792,0.6792,0.507
(hrv_sdnn_low) => hrv_sdnn_low meets eda_peaks_high,False,,,,True,0.566,0.566,0.4225
(hrv_sdnn_low) => hrv_sdnn_low meets eda_peaks_medium,True,0.5128,0.5456,0.4,False,,,
(hrv_sdnn_low) => hrv_sdnn_low meets eda_scr_auc_high,False,,,,True,0.5094,0.5094,0.3803
(hrv_sdnn_low) => hrv_sdnn_low meets eda_std_medium,False,,,,True,0.566,0.566,0.4225
(hrv_sdnn_low) => hrv_sdnn_low meets valence_medium,True,0.5385,0.5385,0.42,True,0.6038,0.6038,0.4507
(hrv_sdnn_medium) => hrv_sdnn_medium before eda_peaks_high,False,,,,True,0.6154,0.6154,0.4507
(hrv_sdnn_medium) => hrv_sdnn_medium before eda_peaks_medium,True,0.6944,0.7388,0.5,True,0.5385,0.5462,0.3944
(hrv_sdnn_medium) => hrv_sdnn_medium before eda_scr_auc_medium,True,0.6389,0.7429,0.46,False,,,
(hrv_sdnn_medium) => hrv_sdnn_medium before eda_std_medium,False,,,,True,0.5385,0.5385,0.3944
(hrv_sdnn_medium) => hrv_sdnn_medium meets arousal_medium,True,0.6667,0.6803,0.48,True,0.6923,0.6923,0.507
(hrv_sdnn_medium) => hrv_sdnn_medium meets eda_max_medium,False,,,,True,0.5,0.5379,0.3662
(hrv_sdnn_medium) => hrv_sdnn_medium meets eda_peaks_high,True,0.5278,0.5278,0.38,False,,,
(hrv_sdnn_medium) => hrv_sdnn_medium meets eda_scr_amp_low,True,0.5278,0.5997,0.38,False,,,
(hrv_sdnn_medium) => hrv_sdnn_medium meets eda_scr_auc_high,True,0.5278,0.5385,0.38,False,,,
(hrv_sdnn_medium) => hrv_sdnn_medium meets valence_medium,True,0.7222,0.7222,0.52,True,0.7308,0.7308,0.5352
(temp_high) => temp_high before eda_peaks_medium,False,,,,True,0.6271,0.6361,0.5211
(temp_high) => temp_high before eda_std_medium,False,,,,True,0.5254,0.5254,0.4366
(temp_high) => temp_high meets arousal_medium,True,0.6905,0.7046,0.58,True,0.6102,0.6102,0.507
(temp_high) => temp_high meets eda_max_low,True,0.5,0.5208,0.42,False,,,
(temp_high) => temp_high meets eda_peaks_high,True,0.6429,0.6429,0.54,False,,,
(temp_high) => temp_high meets eda_scr_amp_low,True,0.5238,0.5952,0.44,False,,,
(temp_high) => temp_high meets eda_scr_auc_low,True,0.5238,0.6716,0.44,False,,,
(temp_high) => temp_high meets eda_scr_auc_medium,False,,,,True,0.5085,0.5388,0.4225
(temp_high) => temp_high meets valence_medium,True,0.7143,0.7143,0.6,True,0.5254,0.5254,0.4366
(temp_low) => temp_low meets arousal_medium,True,0.5263,0.5371,0.4,True,0.678,0.678,0.5634
(temp_low) => temp_low meets eda_peaks_medium,True,0.5789,0.6159,0.44,False,,,
(temp_low) => temp_low meets eda_scr_auc_high,False,,,,True,0.6271,0.6271,0.5211
(temp_low) => temp_low meets eda_scr_auc_medium,False,,,,True,0.6102,0.6466,0.507
(temp_low) => temp_low meets eda_std_medium,False,,,,True,0.5763,0.5763,0.4789
(temp_low) => temp_low meets valence_medium,True,0.5526,0.5526,0.42,True,0.7627,0.7627,0.6338
(temp_medium) => temp_medium before eda_peaks_high,False,,,,True,0.5714,0.5714,0.4507
(temp_medium) => temp_medium before eda_scr_amp_low,True,0.5143,0.5844,0.36,False,,,
(temp_medium) => temp_medium before eda_scr_auc_medium,False,,,,True,0.6071,0.6434,0.4789
(temp_medium) => temp_medium before eda_std_medium,False,,,,True,0.5714,0.5714,0.4507
(temp_medium) => temp_medium meets arousal_medium,True,0.6857,0.6997,0.48,True,0.7143,0.7143,0.5634
(temp_medium) => temp_medium meets eda_max_low,True,0.5143,0.5357,0.36,False,,,
(temp_medium) => temp_medium meets eda_peaks_medium,True,0.5429,0.5775,0.38,True,0.6071,0.6158,0.4789
(temp_medium) => temp_medium meets eda_scr_auc_medium,True,0.5714,0.6645,0.4,False,,,
(temp_medium) => temp_medium meets eda_std_medium,True,0.5429,0.6169,0.38,False,,,
(temp_medium) => temp_medium meets valence_medium,True,0.8286,0.8286,0.58,True,0.6429,0.6429,0.507
(valence_high) => valence_high before eda_scr_amp_low,False,,,,True,0.5,0.5462,0.3662
(valence_high) => valence_high before eda_scr_auc_medium,True,0.5682,0.6607,0.5,False,,,
(valence_high) => valence_high contains eda_scr_auc_low,False,,,,True,0.5385,0.6267,0.3944
(valence_high) => valence_high is-finished-by eda_peaks_high,False,,,,True,0.6731,0.6731,0.493
(valence_high) => valence_high is-finished-by eda_peaks_medium,True,0.6364,0.677,0.56,False,,,
(valence_high) => valence_high is-finished-by eda_scr_auc_high,False,,,,True,0.5,0.5,0.3662
(valence_high) => valence_high is-finished-by eda_scr_auc_low,True,0.5455,0.6993,0.48,False,,,
(valence_high) => valence_high is-finished-by eda_scr_auc_medium,False,,,,True,0.6154,0.6521,0.4507
(valence_high) => valence_high meets arousal_medium,True,0.6591,0.6725,0.58,True,0.6538,0.6538,0.4789
(valence_high) => valence_high meets eda_max_low,True,0.5455,0.5682,0.48,False,,,
(valence_high) => valence_high meets eda_peaks_high,True,0.6818,0.6818,0.6,False,,,
(valence_high) => valence_high meets eda_peaks_medium,False,,,,True,0.6538,0.6632,0.4789
(valence_high) => valence_high meets eda_std_low,True,0.5909,0.6871,0.52,False,,,
(valence_high) => valence_high meets eda_std_medium,False,,,,True,0.5385,0.5385,0.3944
(valence_high) => valence_high meets hr_medium,True,0.5,0.5814,0.44,False,,,
(valence_high) => valence_high meets valence_high,True,0.6591,0.749,0.58,True,0.6154,0.8402,0.4507
(valence_low) => valence_low before eda_scr_auc_medium,True,0.5111,0.5943,0.46,False,,,
(valence_low) => valence_low before eda_std_high,False,,,,True,0.5645,0.5809,0.493
(valence_low) => valence_low before valence_low,True,0.5556,0.6173,0.5,True,0.6452,0.7388,0.5634
(valence_low) => valence_low contains eda_peaks_medium,True,0.5111,0.5437,0.46,False,,,
(valence_low) => valence_low contains eda_scr_auc_high,False,,,,True,0.5645,0.5645,0.493
(valence_low) => valence_low contains eda_scr_auc_medium,False,,,,True,0.5161,0.5469,0.4507
(valence_low) => valence_low is-finished-by eda_peaks_high,True,0.6222,0.6222,0.56,False,,,
(valence_low) => valence_low is-finished-by eda_scr_amp_low,False,,,,True,0.5,0.5462,0.4366
(valence_low) => valence_low is-finished-by eda_scr_auc_high,True,0.5556,0.5669,0.5,False,,,
(valence_low) => valence_low meets eda_peaks_high,False,,,,True,0.5968,0.5968,0.5211
(valence_medium) => valence_medium contains hr_high,True,0.54,0.6279,0.54,False,,,
(valence_medium) => valence_medium contains hr_medium,True,0.52,0.6047,0.52,False,,,
(valence_medium) => valence_medium is-finished-by eda_peaks_medium,True,0.66,0.7021,0.66,False,,,
(valence_medium) => valence_medium is-finished-by eda_scr_amp_high,False,,,,True,0.5493,0.5652,0.5493
(valence_medium) => valence_medium is-finished-by eda_scr_amp_low,True,0.58,0.6591,0.58,True,0.5352,0.5846,0.5352
(valence_medium) => valence_medium is-finished-by eda_scr_auc_high,False,,,,True,0.7183,0.7183,0.7183
(valence_medium) => valence_medium is-finished-by eda_scr_auc_low,True,0.52,0.6667,0.52,False,,,
(valence_medium) => valence_medium is-finished-by eda_std_medium,True,0.58,0.6591,0.58,False,,,
(valence_medium) => valence_medium meets arousal_medium,True,0.66,0.6735,0.66,False,,,
(valence_medium) => valence_medium meets eda_max_low,False,,,,True,0.5211,0.5211,0.5211
(valence_medium) => valence_medium meets eda_peaks_high,True,0.64,0.64,0.64,True,0.6479,0.6479,0.6479
(valence_medium) => valence_medium meets eda_peaks_medium,False,,,,True,0.7324,0.7429,0.7324
(valence_medium) => valence_medium meets eda_scr_auc_medium,True,0.54,0.6279,0.54,True,0.7324,0.7761,0.7324
(valence_medium) => valence_medium meets valence_medium,True,0.64,0.64,0.64,True,0.7606,0.7606,0.7606
(valence_medium) => valence_medium overlaps eda_std_medium,False,,,,True,0.8169,0.8169,0.8169
(valence_medium) => valence_medium starts arousal_medium,False,,,,True,0.6901,0.6901,0.6901
(valence_medium) => valence_medium starts eda_high,True,0.54,0.54,0.54,False,,,
(valence_medium) => valence_medium starts eda_scr_auc_high,True,0.66,0.6735,0.66,False,,,
(valence_medium) => valence_medium starts eda_std_high,False,,,,True,0.6197,0.6377,0.6197
