client_id,state,start_time,end_time
CEAP_P1,eda_low,5,10
CEAP_P1,eda_max_low,5,10
CEAP_P1,eda_peaks_medium,5,10
CEAP_P1,eda_scr_auc_low,5,10
CEAP_P1,eda_std_low,5,10
CEAP_P1,emo_neutral,5,10
CEAP_P1,hr_low,5,10
CEAP_P1,eda_scr_amp_low,5,15
CEAP_P1,eda_low,10,15
CEAP_P1,eda_max_low,10,15
CEAP_P1,eda_peaks_medium,10,15
CEAP_P1,eda_scr_auc_medium,10,15
CEAP_P1,eda_std_low,10,15
CEAP_P1,emo_excited,10,15
CEAP_P1,hr_high,10,15
CEAP_P1,eda_max_high,15,20
CEAP_P1,eda_medium,15,20
CEAP_P1,eda_peaks_medium,15,20
CEAP_P1,eda_scr_amp_high,15,20
CEAP_P1,eda_scr_auc_high,15,20
CEAP_P1,eda_std_high,15,20
CEAP_P1,emo_upset,15,20
CEAP_P1,eda_low,20,25
CEAP_P1,eda_max_low,20,25
CEAP_P1,eda_peaks_low,20,25
CEAP_P1,eda_scr_auc_low,20,25
CEAP_P1,eda_std_high,20,25
CEAP_P1,emo_sad,20,25
CEAP_P1,eda_scr_amp_low,20,30
CEAP_P1,eda_low,25,30
CEAP_P1,eda_max_low,25,30
CEAP_P1,eda_peaks_high,25,30
CEAP_P1,eda_scr_auc_low,25,30
CEAP_P1,eda_std_low,25,30
CEAP_P1,emo_alert,25,30
CEAP_P1,hr_medium,25,30
CEAP_P1,eda_peaks_low,30,35
CEAP_P1,hrv_cvnn_high,30,35
CEAP_P1,hrv_cvsd_high,30,35
CEAP_P1,hrv_pnn20_high,30,35
CEAP_P1,hrv_pnn50_high,30,35
CEAP_P1,hrv_rmssd_high,30,35
CEAP_P1,hrv_sdnn_high,30,35
CEAP_P1,temp_high,30,35
CEAP_P1,eda_low,35,40
CEAP_P1,eda_max_low,35,40
CEAP_P1,eda_peaks_medium,35,40
CEAP_P1,eda_scr_auc_high,35,40
CEAP_P1,eda_std_high,35,40
CEAP_P1,emo_relaxed,35,40
CEAP_P1,hr_low,35,40
CEAP_P1,eda_scr_amp_low,35,50
CEAP_P1,eda_low,40,45
CEAP_P1,eda_max_low,40,45
CEAP_P1,eda_peaks_medium,40,45
CEAP_P1,eda_scr_auc_medium,40,45
CEAP_P1,eda_std_medium,40,45
CEAP_P1,emo_calm,40,45
CEAP_P1,hr_high,40,45
CEAP_P1,eda_low,45,50
CEAP_P1,eda_max_low,45,50
CEAP_P1,eda_peaks_medium,45,50
CEAP_P1,eda_scr_auc_medium,45,50
CEAP_P1,eda_std_low,45,50
CEAP_P1,emo_calm,45,50
CEAP_P1,hr_high,45,50
CEAP_P1,eda_max_medium,50,55
CEAP_P1,eda_medium,50,55
CEAP_P1,eda_peaks_medium,50,55
CEAP_P1,eda_scr_auc_high,50,55
CEAP_P1,eda_std_high,50,55
CEAP_P1,emo_stressed,50,55
CEAP_P1,hr_low,50,55
CEAP_P1,eda_scr_amp_low,50,60
CEAP_P1,eda_max_medium,55,60
CEAP_P1,eda_medium,55,60
CEAP_P1,eda_peaks_medium,55,60
CEAP_P1,eda_scr_auc_high,55,60
CEAP_P1,eda_std_high,55,60
CEAP_P1,emo_stressed,55,60
CEAP_P1,hr_low,55,60
CEAP_P1,eda_low,60,90
CEAP_P1,eda_max_low,60,90
CEAP_P1,eda_peaks_high,60,90
CEAP_P1,eda_scr_amp_low,60,90
CEAP_P1,eda_scr_auc_medium,60,90
CEAP_P1,eda_std_low,60,90
CEAP_P1,emo_alert,60,90
CEAP_P1,hr_high,60,90
CEAP_P10,eda_low,5,10
CEAP_P10,eda_max_low,5,10
CEAP_P10,eda_peaks_high,5,10
CEAP_P10,eda_scr_amp_low,5,10
CEAP_P10,emo_neutral,5,10
CEAP_P10,hr_medium,5,10
CEAP_P10,eda_std_high,5,15
CEAP_P10,eda_scr_auc_high,5,30
CEAP_P10,eda_max_medium,10,15
CEAP_P10,eda_medium,10,15
CEAP_P10,eda_peaks_high,10,15
CEAP_P10,eda_scr_amp_high,10,15
CEAP_P10,emo_relaxed,10,15
CEAP_P10,hr_high,10,15
CEAP_P10,eda_max_medium,15,20
CEAP_P10,eda_medium,15,20
CEAP_P10,eda_peaks_high,15,20
CEAP_P10,eda_scr_amp_high,15,20
CEAP_P10,emo_content,15,20
CEAP_P10,hr_medium,15,20
CEAP_P10,eda_std_high,15,30
CEAP_P10,eda_high,20,25
CEAP_P10,eda_max_high,20,25
CEAP_P10,eda_peaks_high,20,25
CEAP_P10,eda_scr_amp_high,20,25
CEAP_P10,emo_neutral,20,25
CEAP_P10,hr_medium,20,25
CEAP_P10,eda_high,25,30
CEAP_P10,eda_max_high,25,30
CEAP_P10,eda_peaks_high,25,30
CEAP_P10,eda_scr_amp_medium,25,30
CEAP_P10,emo_content,25,30
CEAP_P10,hr_medium,25,30
CEAP_P10,eda_peaks_low,30,35
CEAP_P10,hrv_cvnn_high,30,35
CEAP_P10,hrv_cvsd_medium,30,35
CEAP_P10,hrv_pnn20_high,30,35
CEAP_P10,hrv_pnn50_low,30,35
CEAP_P10,hrv_rmssd_medium,30,35
CEAP_P10,hrv_sdnn_high,30,35
CEAP_P10,temp_low,30,35
CEAP_P10,eda_low,35,40
CEAP_P10,eda_max_low,35,40
CEAP_P10,eda_peaks_high,35,40
CEAP_P10,eda_scr_amp_high,35,40
CEAP_P10,emo_sad,35,40
CEAP_P10,hr_medium,35,40
CEAP_P10,eda_std_high,35,55
CEAP_P10,eda_scr_auc_high,35,85
CEAP_P10,eda_max_medium,40,45
CEAP_P10,eda_medium,40,45
CEAP_P10,eda_scr_amp_high,40,45
CEAP_P10,emo_relaxed,40,45
CEAP_P10,hr_medium,40,45
CEAP_P10,eda_peaks_high,40,50
CEAP_P10,eda_low,45,50
CEAP_P10,eda_max_medium,45,50
CEAP_P10,eda_scr_amp_high,45,50
CEAP_P10,emo_neutral,45,50
CEAP_P10,hr_low,45,50
CEAP_P10,eda_max_medium,50,55
CEAP_P10,eda_medium,50,55
CEAP_P10,eda_scr_amp_medium,50,55
CEAP_P10,emo_excited,50,55
CEAP_P10,hr_medium,50,55
CEAP_P10,eda_peaks_high,50,85
CEAP_P10,eda_low,55,85
CEAP_P10,eda_max_low,55,85
CEAP_P10,eda_scr_amp_medium,55,85
CEAP_P10,eda_std_low,55,85
CEAP_P10,emo_calm,55,85
CEAP_P10,hr_medium,55,85
CEAP_P11,eda_max_medium,5,10
CEAP_P11,eda_medium,5,10
CEAP_P11,eda_peaks_high,5,10
CEAP_P11,eda_scr_amp_low,5,10
CEAP_P11,eda_scr_auc_low,5,10
CEAP_P11,eda_std_low,5,10
CEAP_P11,emo_neutral,5,10
CEAP_P11,eda_high,10,15
CEAP_P11,eda_max_high,10,15
CEAP_P11,eda_peaks_medium,10,15
CEAP_P11,eda_scr_amp_low,10,15
CEAP_P11,eda_scr_auc_high,10,15
CEAP_P11,eda_std_high,10,15
CEAP_P11,emo_neutral,10,15
CEAP_P11,hr_medium,10,15
CEAP_P11,eda_low,15,20
CEAP_P11,eda_max_low,15,20
CEAP_P11,eda_peaks_high,15,20
CEAP_P11,eda_scr_amp_low,15,20
CEAP_P11,eda_scr_auc_low,15,20
CEAP_P11,eda_std_low,15,20
CEAP_P11,emo_neutral,15,20
CEAP_P11,hr_high,15,20
CEAP_P11,eda_low,20,25
CEAP_P11,eda_max_low,20,25
CEAP_P11,eda_peaks_medium,20,25
CEAP_P11,eda_scr_auc_high,20,25
CEAP_P11,eda_std_high,20,25
CEAP_P11,emo_upset,20,25
CEAP_P11,hr_high,20,25
CEAP_P11,eda_scr_amp_low,20,30
CEAP_P11,eda_max_medium,25,30
CEAP_P11,eda_medium,25,30
CEAP_P11,eda_peaks_high,25,30
CEAP_P11,eda_scr_auc_medium,25,30
CEAP_P11,eda_std_low,25,30
CEAP_P11,emo_upset,25,30
CEAP_P11,hr_high,25,30
CEAP_P11,eda_low,30,35
CEAP_P11,eda_max_low,30,35
CEAP_P11,eda_peaks_high,30,35
CEAP_P11,eda_scr_auc_low,30,35
CEAP_P11,eda_std_low,30,35
CEAP_P11,emo_neutral,30,35
CEAP_P11,hr_high,30,35
CEAP_P11,eda_scr_amp_low,30,60
CEAP_P11,eda_high,35,40
CEAP_P11,eda_max_high,35,40
CEAP_P11,eda_scr_auc_low,35,40
CEAP_P11,eda_std_low,35,40
CEAP_P11,emo_relaxed,35,40
CEAP_P11,hr_medium,35,40
CEAP_P11,eda_peaks_high,35,45
CEAP_P11,eda_low,40,45
CEAP_P11,eda_max_low,40,45
CEAP_P11,eda_scr_auc_low,40,45
CEAP_P11,eda_std_low,40,45
CEAP_P11,emo_neutral,40,45
CEAP_P11,hr_high,40,45
CEAP_P11,eda_max_medium,45,50
CEAP_P11,eda_medium,45,50
CEAP_P11,eda_peaks_high,45,50
CEAP_P11,eda_scr_auc_medium,45,50
CEAP_P11,eda_std_low,45,50
CEAP_P11,emo_neutral,45,50
CEAP_P11,hr_medium,45,50
CEAP_P11,eda_max_medium,50,55
CEAP_P11,eda_medium,50,55
CEAP_P11,eda_peaks_high,50,55
CEAP_P11,eda_scr_auc_low,50,55
CEAP_P11,eda_std_low,50,55
CEAP_P11,emo_upset,50,55
CEAP_P11,hr_high,50,55
CEAP_P11,eda_low,55,60
CEAP_P11,eda_max_low,55,60
CEAP_P11,eda_peaks_high,55,60
CEAP_P11,eda_scr_auc_high,55,60
CEAP_P11,eda_std_medium,55,60
CEAP_P11,emo_neutral,55,60
CEAP_P11,hr_high,55,60
CEAP_P11,eda_peaks_low,60,90
CEAP_P11,hrv_cvnn_high,60,90
CEAP_P11,hrv_cvsd_high,60,90
CEAP_P11,hrv_pnn20_high,60,90
CEAP_P11,hrv_pnn50_medium,60,90
CEAP_P11,hrv_rmssd_high,60,90
CEAP_P11,hrv_sdnn_high,60,90
CEAP_P11,temp_low,60,90
CEAP_P12,eda_max_medium,5,10
CEAP_P12,eda_medium,5,10
CEAP_P12,eda_peaks_high,5,10
CEAP_P12,eda_scr_amp_medium,5,10
CEAP_P12,emo_neutral,5,10
CEAP_P12,hr_high,5,10
CEAP_P12,eda_scr_auc_high,5,30
CEAP_P12,eda_std_high,5,30
CEAP_P12,eda_high,10,15
CEAP_P12,eda_max_high,10,15
CEAP_P12,eda_peaks_medium,10,15
CEAP_P12,eda_scr_amp_high,10,15
CEAP_P12,emo_stressed,10,15
CEAP_P12,hr_medium,10,15
CEAP_P12,eda_high,15,20
CEAP_P12,eda_max_high,15,20
CEAP_P12,eda_peaks_high,15,20
CEAP_P12,eda_scr_amp_high,15,20
CEAP_P12,emo_excited,15,20
CEAP_P12,eda_low,20,25
CEAP_P12,eda_max_low,20,25
CEAP_P12,eda_scr_amp_high,20,25
CEAP_P12,emo_relaxed,20,25
CEAP_P12,hr_high,20,25
CEAP_P12,eda_peaks_high,20,30
CEAP_P12,eda_low,25,30
CEAP_P12,eda_max_medium,25,30
CEAP_P12,eda_scr_amp_high,25,30
CEAP_P12,emo_upset,25,30
CEAP_P12,hr_high,25,30
CEAP_P12,eda_peaks_low,30,35
CEAP_P12,hrv_cvnn_medium,30,35
CEAP_P12,hrv_cvsd_low,30,35
CEAP_P12,hrv_pnn20_high,30,35
CEAP_P12,hrv_pnn50_high,30,35
CEAP_P12,hrv_rmssd_low,30,35
CEAP_P12,hrv_sdnn_low,30,35
CEAP_P12,temp_low,30,35
CEAP_P12,eda_low,35,40
CEAP_P12,eda_max_low,35,40
CEAP_P12,eda_peaks_high,35,40
CEAP_P12,eda_scr_amp_medium,35,40
CEAP_P12,emo_neutral,35,40
CEAP_P12,hr_high,35,40
CEAP_P12,eda_scr_auc_high,35,50
CEAP_P12,eda_std_high,35,55
CEAP_P12,eda_high,40,45
CEAP_P12,eda_max_high,40,45
CEAP_P12,eda_peaks_high,40,45
CEAP_P12,eda_scr_amp_medium,40,45
CEAP_P12,emo_upset,40,45
CEAP_P12,hr_high,40,45
CEAP_P12,eda_high,45,50
CEAP_P12,eda_max_high,45,50
CEAP_P12,eda_peaks_high,45,50
CEAP_P12,eda_scr_amp_high,45,50
CEAP_P12,emo_relaxed,45,50
CEAP_P12,hr_low,45,50
CEAP_P12,eda_low,50,55
CEAP_P12,eda_max_low,50,55
CEAP_P12,eda_scr_amp_high,50,55
CEAP_P12,eda_scr_auc_high,50,55
CEAP_P12,emo_neutral,50,55
CEAP_P12,hr_high,50,55
CEAP_P12,eda_peaks_high,50,60
CEAP_P12,eda_high,55,60
CEAP_P12,eda_max_high,55,60
CEAP_P12,eda_scr_amp_low,55,60
CEAP_P12,eda_scr_auc_low,55,60
CEAP_P12,eda_std_high,55,60
CEAP_P12,emo_excited,55,60
CEAP_P12,eda_peaks_low,60,90
CEAP_P12,hrv_cvnn_high,60,90
CEAP_P12,hrv_cvsd_high,60,90
CEAP_P12,hrv_pnn20_medium,60,90
CEAP_P12,hrv_pnn50_high,60,90
CEAP_P12,hrv_rmssd_high,60,90
CEAP_P12,hrv_sdnn_high,60,90
CEAP_P12,temp_high,60,90
CEAP_P13,eda_low,5,10
CEAP_P13,eda_max_low,5,10
CEAP_P13,eda_peaks_medium,5,10
CEAP_P13,eda_scr_amp_medium,5,10
CEAP_P13,eda_scr_auc_medium,5,10
CEAP_P13,eda_std_medium,5,10
CEAP_P13,emo_neutral,5,10
CEAP_P13,hr_high,5,10
CEAP_P13,eda_high,10,15
CEAP_P13,eda_max_high,10,15
CEAP_P13,eda_peaks_medium,10,15
CEAP_P13,eda_scr_amp_medium,10,15
CEAP_P13,eda_scr_auc_high,10,15
CEAP_P13,eda_std_medium,10,15
CEAP_P13,emo_upset,10,15
CEAP_P13,hr_low,10,15
CEAP_P13,eda_max_high,15,20
CEAP_P13,eda_medium,15,20
CEAP_P13,eda_peaks_low,15,20
CEAP_P13,eda_scr_amp_medium,15,20
CEAP_P13,eda_scr_auc_high,15,20
CEAP_P13,eda_std_high,15,20
CEAP_P13,emo_relaxed,15,20
CEAP_P13,hr_medium,15,20
CEAP_P13,eda_high,20,25
CEAP_P13,eda_max_high,20,25
CEAP_P13,eda_peaks_high,20,25
CEAP_P13,eda_scr_auc_medium,20,25
CEAP_P13,eda_std_low,20,25
CEAP_P13,emo_sad,20,25
CEAP_P13,hr_low,20,25
CEAP_P13,eda_scr_amp_medium,20,30
CEAP_P13,eda_high,25,30
CEAP_P13,eda_max_high,25,30
CEAP_P13,eda_peaks_high,25,30
CEAP_P13,eda_scr_auc_medium,25,30
CEAP_P13,eda_std_low,25,30
CEAP_P13,emo_sad,25,30
CEAP_P13,hr_medium,25,30
CEAP_P13,eda_peaks_low,30,35
CEAP_P13,hrv_cvnn_medium,30,35
CEAP_P13,hrv_cvsd_medium,30,35
CEAP_P13,hrv_pnn20_medium,30,35
CEAP_P13,hrv_pnn50_medium,30,35
CEAP_P13,hrv_rmssd_medium,30,35
CEAP_P13,hrv_sdnn_medium,30,35
CEAP_P13,temp_low,30,35
CEAP_P13,eda_max_medium,35,40
CEAP_P13,eda_medium,35,40
CEAP_P13,eda_peaks_high,35,40
CEAP_P13,eda_scr_amp_medium,35,40
CEAP_P13,eda_scr_auc_medium,35,40
CEAP_P13,eda_std_medium,35,40
CEAP_P13,emo_alert,35,40
CEAP_P13,hr_medium,35,40
CEAP_P13,eda_low,40,45
CEAP_P13,eda_max_low,40,45
CEAP_P13,eda_peaks_low,40,45
CEAP_P13,eda_scr_amp_high,40,45
CEAP_P13,eda_scr_auc_high,40,45
CEAP_P13,eda_std_high,40,45
CEAP_P13,emo_excited,40,45
CEAP_P13,hr_high,40,45
CEAP_P13,eda_max_medium,45,50
CEAP_P13,eda_medium,45,50
CEAP_P13,eda_peaks_high,45,50
CEAP_P13,eda_scr_amp_medium,45,50
CEAP_P13,eda_scr_auc_medium,45,50
CEAP_P13,eda_std_low,45,50
CEAP_P13,emo_calm,45,50
CEAP_P13,hr_high,45,50
CEAP_P13,eda_max_medium,50,55
CEAP_P13,eda_medium,50,55
CEAP_P13,eda_peaks_high,50,55
CEAP_P13,eda_scr_auc_medium,50,55
CEAP_P13,eda_std_low,50,55
CEAP_P13,emo_upset,50,55
CEAP_P13,hr_high,50,55
CEAP_P13,eda_scr_amp_medium,50,60
CEAP_P13,eda_high,55,60
CEAP_P13,eda_max_high,55,60
CEAP_P13,eda_peaks_high,55,60
CEAP_P13,eda_scr_auc_medium,55,60
CEAP_P13,eda_std_medium,55,60
CEAP_P13,emo_relaxed,55,60
CEAP_P13,hr_medium,55,60
CEAP_P13,eda_high,60,90
CEAP_P13,eda_max_high,60,90
CEAP_P13,eda_peaks_high,60,90
CEAP_P13,eda_scr_amp_medium,60,90
CEAP_P13,eda_scr_auc_medium,60,90
CEAP_P13,eda_std_low,60,90
CEAP_P13,emo_sad,60,90
CEAP_P13,hr_medium,60,90
CEAP_P14,eda_high,5,10
CEAP_P14,eda_max_high,5,10
CEAP_P14,eda_peaks_high,5,10
CEAP_P14,eda_scr_amp_medium,5,10
CEAP_P14,eda_std_medium,5,10
CEAP_P14,emo_neutral,5,10
CEAP_P14,hr_medium,5,10
CEAP_P14,eda_scr_auc_medium,5,30
CEAP_P14,eda_high,10,15
CEAP_P14,eda_max_high,10,15
CEAP_P14,eda_peaks_high,10,15
CEAP_P14,eda_scr_amp_medium,10,15
CEAP_P14,eda_std_medium,10,15
CEAP_P14,emo_excited,10,15
CEAP_P14,hr_low,10,15
CEAP_P14,eda_low,15,20
CEAP_P14,eda_max_low,15,20
CEAP_P14,eda_peaks_high,15,20
CEAP_P14,eda_scr_amp_high,15,20
CEAP_P14,eda_std_medium,15,20
CEAP_P14,emo_excited,15,20
CEAP_P14,hr_high,15,20
CEAP_P14,eda_high,20,25
CEAP_P14,eda_max_high,20,25
CEAP_P14,eda_peaks_high,20,25
CEAP_P14,eda_scr_amp_high,20,25
CEAP_P14,eda_std_medium,20,25
CEAP_P14,emo_neutral,20,25
CEAP_P14,hr_low,20,25
CEAP_P14,eda_high,25,30
CEAP_P14,eda_max_high,25,30
CEAP_P14,eda_peaks_medium,25,30
CEAP_P14,eda_scr_amp_medium,25,30
CEAP_P14,eda_std_medium,25,30
CEAP_P14,emo_upset,25,30
CEAP_P14,hr_low,25,30
CEAP_P14,eda_max_medium,30,35
CEAP_P14,eda_medium,30,35
CEAP_P14,eda_peaks_high,30,35
CEAP_P14,eda_scr_amp_medium,30,35
CEAP_P14,eda_scr_auc_medium,30,35
CEAP_P14,eda_std_low,30,35
CEAP_P14,emo_sad,30,35
CEAP_P14,hr_high,30,35
CEAP_P14,eda_max_medium,35,40
CEAP_P14,eda_medium,35,40
CEAP_P14,eda_peaks_high,35,40
CEAP_P14,eda_scr_amp_medium,35,40
CEAP_P14,eda_scr_auc_medium,35,40
CEAP_P14,eda_std_medium,35,40
CEAP_P14,emo_sad,35,40
CEAP_P14,hr_high,35,40
CEAP_P14,eda_high,40,45
CEAP_P14,eda_max_high,40,45
CEAP_P14,eda_peaks_medium,40,45
CEAP_P14,eda_scr_amp_medium,40,45
CEAP_P14,eda_scr_auc_medium,40,45
CEAP_P14,eda_std_low,40,45
CEAP_P14,emo_neutral,40,45
CEAP_P14,hr_low,40,45
CEAP_P14,eda_high,45,50
CEAP_P14,eda_max_high,45,50
CEAP_P14,eda_peaks_high,45,50
CEAP_P14,eda_scr_amp_medium,45,50
CEAP_P14,eda_scr_auc_medium,45,50
CEAP_P14,eda_std_low,45,50
CEAP_P14,emo_sad,45,50
CEAP_P14,hr_low,45,50
CEAP_P14,eda_high,50,55
CEAP_P14,eda_max_high,50,55
CEAP_P14,eda_peaks_high,50,55
CEAP_P14,eda_scr_amp_high,50,55
CEAP_P14,eda_scr_auc_medium,50,55
CEAP_P14,eda_std_medium,50,55
CEAP_P14,emo_excited,50,55
CEAP_P14,hr_low,50,55
CEAP_P14,eda_max_medium,55,60
CEAP_P14,eda_medium,55,60
CEAP_P14,eda_peaks_medium,55,60
CEAP_P14,eda_scr_amp_medium,55,60
CEAP_P14,eda_scr_auc_medium,55,60
CEAP_P14,eda_std_low,55,60
CEAP_P14,emo_alert,55,60
CEAP_P14,hr_medium,55,60
CEAP_P14,eda_max_medium,60,90
CEAP_P14,eda_medium,60,90
CEAP_P14,eda_peaks_high,60,90
CEAP_P14,eda_scr_amp_medium,60,90
CEAP_P14,eda_scr_auc_medium,60,90
CEAP_P14,eda_std_low,60,90
CEAP_P14,emo_alert,60,90
CEAP_P14,hr_medium,60,90
CEAP_P15,eda_high,5,10
CEAP_P15,eda_max_high,5,10
CEAP_P15,eda_peaks_medium,5,10
CEAP_P15,emo_neutral,5,10
CEAP_P15,eda_scr_amp_high,5,15
CEAP_P15,eda_std_high,5,20
CEAP_P15,eda_scr_auc_high,5,25
CEAP_P15,eda_high,10,15
CEAP_P15,eda_max_high,10,15
CEAP_P15,eda_peaks_high,10,15
CEAP_P15,emo_neutral,10,15
CEAP_P15,eda_max_medium,15,20
CEAP_P15,eda_medium,15,20
CEAP_P15,eda_peaks_high,15,20
CEAP_P15,eda_scr_amp_high,15,20
CEAP_P15,emo_relaxed,15,20
CEAP_P15,hr_low,15,20
CEAP_P15,eda_max_medium,20,25
CEAP_P15,eda_medium,20,25
CEAP_P15,eda_peaks_high,20,25
CEAP_P15,eda_scr_amp_high,20,25
CEAP_P15,eda_std_high,20,25
CEAP_P15,emo_neutral,20,25
CEAP_P15,hr_high,20,25
CEAP_P15,eda_high,25,30
CEAP_P15,eda_max_high,25,30
CEAP_P15,eda_peaks_high,25,30
CEAP_P15,eda_scr_amp_high,25,30
CEAP_P15,eda_scr_auc_high,25,30
CEAP_P15,eda_std_high,25,30
CEAP_P15,emo_neutral,25,30
CEAP_P15,hr_high,25,30
CEAP_P15,eda_peaks_low,30,35
CEAP_P15,hrv_cvnn_low,30,35
CEAP_P15,hrv_cvsd_low,30,35
CEAP_P15,hrv_pnn20_low,30,35
CEAP_P15,hrv_pnn50_low,30,35
CEAP_P15,hrv_rmssd_medium,30,35
CEAP_P15,hrv_sdnn_low,30,35
CEAP_P15,temp_high,30,35
CEAP_P15,eda_low,35,40
CEAP_P15,eda_max_medium,35,40
CEAP_P15,eda_peaks_high,35,40
CEAP_P15,eda_scr_amp_medium,35,40
CEAP_P15,eda_std_medium,35,40
CEAP_P15,emo_excited,35,40
CEAP_P15,hr_medium,35,40
CEAP_P15,eda_scr_auc_high,35,50
CEAP_P15,eda_high,40,45
CEAP_P15,eda_max_high,40,45
CEAP_P15,eda_peaks_medium,40,45
CEAP_P15,eda_scr_amp_high,40,45
CEAP_P15,emo_stressed,40,45
CEAP_P15,hr_high,40,45
CEAP_P15,eda_std_high,40,50
CEAP_P15,eda_high,45,50
CEAP_P15,eda_max_high,45,50
CEAP_P15,eda_peaks_high,45,50
CEAP_P15,eda_scr_amp_high,45,50
CEAP_P15,emo_neutral,45,50
CEAP_P15,hr_medium,45,50
CEAP_P15,eda_high,50,55
CEAP_P15,eda_max_high,50,55
CEAP_P15,eda_peaks_high,50,55
CEAP_P15,eda_scr_amp_medium,50,55
CEAP_P15,eda_scr_auc_high,50,55
CEAP_P15,eda_std_high,50,55
CEAP_P15,emo_neutral,50,55
CEAP_P15,hr_medium,50,55
CEAP_P15,eda_max_medium,55,60
CEAP_P15,eda_medium,55,60
CEAP_P15,eda_peaks_high,55,60
CEAP_P15,eda_scr_amp_medium,55,60
CEAP_P15,eda_scr_auc_medium,55,60
CEAP_P15,eda_std_medium,55,60
CEAP_P15,emo_excited,55,60
CEAP_P15,hr_high,55,60
CEAP_P15,eda_peaks_low,60,90
CEAP_P15,hrv_cvnn_high,60,90
CEAP_P15,hrv_cvsd_high,60,90
CEAP_P15,hrv_pnn20_low,60,90
CEAP_P15,hrv_pnn50_low,60,90
CEAP_P15,hrv_rmssd_medium,60,90
CEAP_P15,hrv_sdnn_high,60,90
CEAP_P15,temp_high,60,90
CEAP_P16,eda_max_medium,5,10
CEAP_P16,eda_medium,5,10
CEAP_P16,eda_peaks_high,5,10
CEAP_P16,eda_std_high,5,10
CEAP_P16,emo_neutral,5,10
CEAP_P16,hr_medium,5,10
CEAP_P16,eda_scr_amp_high,5,30
CEAP_P16,eda_scr_auc_high,5,30
CEAP_P16,eda_max_medium,10,15
CEAP_P16,eda_medium,10,15
CEAP_P16,eda_std_high,10,15
CEAP_P16,emo_excited,10,15
CEAP_P16,hr_medium,10,15
CEAP_P16,eda_peaks_high,10,20
CEAP_P16,eda_low,15,20
CEAP_P16,eda_max_low,15,20
CEAP_P16,emo_neutral,15,20
CEAP_P16,hr_high,15,20
CEAP_P16,eda_std_high,15,25
CEAP_P16,eda_high,20,25
CEAP_P16,eda_max_high,20,25
CEAP_P16,emo_excited,20,25
CEAP_P16,hr_high,20,25
CEAP_P16,eda_peaks_high,20,30
CEAP_P16,eda_high,25,30
CEAP_P16,eda_max_high,25,30
CEAP_P16,eda_std_high,25,30
CEAP_P16,emo_excited,25,30
CEAP_P16,hr_medium,25,30
CEAP_P16,eda_peaks_low,30,35
CEAP_P16,hrv_cvnn_medium,30,35
CEAP_P16,hrv_cvsd_medium,30,35
CEAP_P16,hrv_pnn20_low,30,35
CEAP_P16,hrv_pnn50_high,30,35
CEAP_P16,hrv_rmssd_medium,30,35
CEAP_P16,hrv_sdnn_medium,30,35
CEAP_P16,temp_high,30,35
CEAP_P16,eda_high,35,40
CEAP_P16,eda_max_high,35,40
CEAP_P16,eda_std_high,35,40
CEAP_P16,emo_excited,35,40
CEAP_P16,hr_high,35,40
CEAP_P16,eda_peaks_high,35,50
CEAP_P16,eda_scr_amp_high,35,60
CEAP_P16,eda_scr_auc_high,35,60
CEAP_P16,eda_low,40,45
CEAP_P16,eda_max_low,40,45
CEAP_P16,eda_std_medium,40,45
CEAP_P16,emo_neutral,40,45
CEAP_P16,hr_high,40,45
CEAP_P16,eda_high,45,50
CEAP_P16,eda_max_high,45,50
CEAP_P16,emo_excited,45,50
CEAP_P16,hr_high,45,50
CEAP_P16,eda_std_high,45,55
CEAP_P16,eda_high,50,55
CEAP_P16,eda_max_high,50,55
CEAP_P16,emo_content,50,55
CEAP_P16,hr_low,50,55
CEAP_P16,eda_peaks_high,50,60
CEAP_P16,eda_max_medium,55,60
CEAP_P16,eda_medium,55,60
CEAP_P16,eda_std_high,55,60
CEAP_P16,emo_content,55,60
CEAP_P16,hr_high,55,60
CEAP_P16,eda_peaks_low,60,90
CEAP_P16,hrv_cvnn_medium,60,90
CEAP_P16,hrv_cvsd_medium,60,90
CEAP_P16,hrv_pnn20_high,60,90
CEAP_P16,hrv_pnn50_high,60,90
CEAP_P16,hrv_rmssd_medium,60,90
CEAP_P16,hrv_sdnn_medium,60,90
CEAP_P16,temp_high,60,90
CEAP_P17,eda_high,5,10
CEAP_P17,eda_max_high,5,10
CEAP_P17,eda_peaks_medium,5,10
CEAP_P17,eda_scr_amp_low,5,10
CEAP_P17,eda_scr_auc_low,5,10
CEAP_P17,eda_std_high,5,10
CEAP_P17,emo_neutral,5,10
CEAP_P17,hr_medium,5,10
CEAP_P17,eda_low,10,15
CEAP_P17,eda_max_low,10,15
CEAP_P17,eda_peaks_high,10,15
CEAP_P17,eda_scr_amp_medium,10,15
CEAP_P17,eda_scr_auc_high,10,15
CEAP_P17,eda_std_high,10,15
CEAP_P17,emo_neutral,10,15
CEAP_P17,hr_high,10,15
CEAP_P17,eda_low,15,20
CEAP_P17,eda_max_low,15,20
CEAP_P17,eda_peaks_medium,15,20
CEAP_P17,eda_scr_amp_medium,15,20
CEAP_P17,eda_scr_auc_medium,15,20
CEAP_P17,eda_std_medium,15,20
CEAP_P17,emo_neutral,15,20
CEAP_P17,hr_high,15,20
CEAP_P17,eda_max_medium,20,25
CEAP_P17,eda_medium,20,25
CEAP_P17,eda_peaks_high,20,25
CEAP_P17,eda_scr_amp_medium,20,25
CEAP_P17,eda_scr_auc_medium,20,25
CEAP_P17,eda_std_medium,20,25
CEAP_P17,emo_calm,20,25
CEAP_P17,hr_low,20,25
CEAP_P17,eda_low,25,30
CEAP_P17,eda_max_low,25,30
CEAP_P17,eda_peaks_medium,25,30
CEAP_P17,eda_scr_amp_low,25,30
CEAP_P17,eda_scr_auc_medium,25,30
CEAP_P17,eda_std_high,25,30
CEAP_P17,emo_neutral,25,30
CEAP_P17,hr_high,25,30
CEAP_P17,eda_peaks_low,30,35
CEAP_P17,hrv_cvnn_high,30,35
CEAP_P17,hrv_cvsd_medium,30,35
CEAP_P17,hrv_pnn20_low,30,35
CEAP_P17,hrv_pnn50_low,30,35
CEAP_P17,hrv_rmssd_low,30,35
CEAP_P17,hrv_sdnn_high,30,35
CEAP_P17,temp_low,30,35
CEAP_P17,eda_max_medium,35,40
CEAP_P17,eda_medium,35,40
CEAP_P17,eda_peaks_high,35,40
CEAP_P17,eda_scr_amp_medium,35,40
CEAP_P17,eda_scr_auc_medium,35,40
CEAP_P17,eda_std_medium,35,40
CEAP_P17,emo_neutral,35,40
CEAP_P17,hr_high,35,40
CEAP_P17,eda_max_medium,40,45
CEAP_P17,eda_medium,40,45
CEAP_P17,eda_peaks_high,40,45
CEAP_P17,eda_scr_amp_medium,40,45
CEAP_P17,eda_scr_auc_high,40,45
CEAP_P17,eda_std_medium,40,45
CEAP_P17,emo_neutral,40,45
CEAP_P17,hr_high,40,45
CEAP_P17,eda_max_medium,45,50
CEAP_P17,eda_medium,45,50
CEAP_P17,eda_peaks_high,45,50
CEAP_P17,eda_scr_amp_medium,45,50
CEAP_P17,eda_scr_auc_medium,45,50
CEAP_P17,eda_std_medium,45,50
CEAP_P17,emo_content,45,50
CEAP_P17,hr_high,45,50
CEAP_P17,eda_high,50,55
CEAP_P17,eda_max_high,50,55
CEAP_P17,eda_peaks_medium,50,55
CEAP_P17,eda_scr_amp_medium,50,55
CEAP_P17,eda_scr_auc_high,50,55
CEAP_P17,eda_std_high,50,55
CEAP_P17,emo_stressed,50,55
CEAP_P17,hr_high,50,55
CEAP_P17,eda_high,55,60
CEAP_P17,eda_max_high,55,60
CEAP_P17,eda_peaks_high,55,60
CEAP_P17,eda_scr_amp_high,55,60
CEAP_P17,eda_scr_auc_high,55,60
CEAP_P17,eda_std_high,55,60
CEAP_P17,emo_upset,55,60
CEAP_P17,hr_high,55,60
CEAP_P17,eda_peaks_low,60,90
CEAP_P17,hrv_cvnn_high,60,90
CEAP_P17,hrv_cvsd_low,60,90
CEAP_P17,hrv_pnn20_low,60,90
CEAP_P17,hrv_pnn50_low,60,90
CEAP_P17,hrv_rmssd_low,60,90
CEAP_P17,hrv_sdnn_medium,60,90
CEAP_P17,temp_low,60,90
CEAP_P18,eda_low,5,10
CEAP_P18,eda_max_low,5,10
CEAP_P18,eda_peaks_high,5,10
CEAP_P18,eda_scr_auc_high,5,10
CEAP_P18,eda_std_medium,5,10
CEAP_P18,emo_neutral,5,10
CEAP_P18,hr_medium,5,10
CEAP_P18,eda_scr_amp_high,5,30
CEAP_P18,eda_low,10,15
CEAP_P18,eda_max_low,10,15
CEAP_P18,eda_scr_auc_medium,10,15
CEAP_P18,eda_std_medium,10,15
CEAP_P18,emo_calm,10,15
CEAP_P18,hr_medium,10,15
CEAP_P18,eda_peaks_high,10,20
CEAP_P18,eda_low,15,20
CEAP_P18,eda_max_low,15,20
CEAP_P18,eda_scr_auc_medium,15,20
CEAP_P18,eda_std_medium,15,20
CEAP_P18,emo_upset,15,20
CEAP_P18,hr_medium,15,20
CEAP_P18,eda_low,20,25
CEAP_P18,eda_max_low,20,25
CEAP_P18,eda_peaks_high,20,25
CEAP_P18,eda_scr_auc_high,20,25
CEAP_P18,eda_std_medium,20,25
CEAP_P18,emo_neutral,20,25
CEAP_P18,hr_low,20,25
CEAP_P18,eda_low,25,30
CEAP_P18,eda_max_low,25,30
CEAP_P18,eda_peaks_high,25,30
CEAP_P18,eda_scr_auc_medium,25,30
CEAP_P18,eda_std_medium,25,30
CEAP_P18,emo_calm,25,30
CEAP_P18,hr_low,25,30
CEAP_P18,eda_low,30,35
CEAP_P18,eda_max_low,30,35
CEAP_P18,eda_peaks_high,30,35
CEAP_P18,eda_scr_auc_medium,30,35
CEAP_P18,eda_std_medium,30,35
CEAP_P18,emo_alert,30,35
CEAP_P18,hr_medium,30,35
CEAP_P18,eda_scr_amp_high,30,60
CEAP_P18,eda_low,35,40
CEAP_P18,eda_max_low,35,40
CEAP_P18,eda_peaks_high,35,40
CEAP_P18,eda_scr_auc_high,35,40
CEAP_P18,eda_std_medium,35,40
CEAP_P18,emo_calm,35,40
CEAP_P18,hr_medium,35,40
CEAP_P18,eda_high,40,45
CEAP_P18,eda_max_high,40,45
CEAP_P18,eda_peaks_medium,40,45
CEAP_P18,eda_scr_auc_high,40,45
CEAP_P18,eda_std_high,40,45
CEAP_P18,emo_calm,40,45
CEAP_P18,hr_low,40,45
CEAP_P18,eda_high,45,50
CEAP_P18,eda_max_high,45,50
CEAP_P18,eda_peaks_high,45,50
CEAP_P18,eda_scr_auc_high,45,50
CEAP_P18,eda_std_medium,45,50
CEAP_P18,emo_calm,45,50
CEAP_P18,hr_low,45,50
CEAP_P18,eda_low,50,55
CEAP_P18,eda_max_low,50,55
CEAP_P18,eda_peaks_high,50,55
CEAP_P18,eda_scr_auc_medium,50,55
CEAP_P18,eda_std_medium,50,55
CEAP_P18,emo_content,50,55
CEAP_P18,hr_low,50,55
CEAP_P18,eda_low,55,60
CEAP_P18,eda_max_low,55,60
CEAP_P18,eda_peaks_high,55,60
CEAP_P18,eda_scr_auc_medium,55,60
CEAP_P18,eda_std_low,55,60
CEAP_P18,emo_excited,55,60
CEAP_P18,hr_low,55,60
CEAP_P18,eda_peaks_low,60,90
CEAP_P18,hrv_cvnn_low,60,90
CEAP_P18,hrv_cvsd_low,60,90
CEAP_P18,hrv_pnn20_low,60,90
CEAP_P18,hrv_pnn50_medium,60,90
CEAP_P18,hrv_rmssd_low,60,90
CEAP_P18,hrv_sdnn_low,60,90
CEAP_P18,temp_low,60,90
CEAP_P19,eda_high,5,10
CEAP_P19,eda_max_medium,5,10
CEAP_P19,eda_peaks_medium,5,10
CEAP_P19,eda_scr_auc_high,5,10
CEAP_P19,eda_std_medium,5,10
CEAP_P19,emo_neutral,5,10
CEAP_P19,hr_medium,5,10
CEAP_P19,eda_scr_amp_high,5,30
CEAP_P19,eda_high,10,15
CEAP_P19,eda_max_medium,10,15
CEAP_P19,eda_peaks_high,10,15
CEAP_P19,eda_scr_auc_medium,10,15
CEAP_P19,eda_std_low,10,15
CEAP_P19,emo_content,10,15
CEAP_P19,hr_high,10,15
CEAP_P19,eda_high,15,20
CEAP_P19,eda_max_low,15,20
CEAP_P19,eda_peaks_high,15,20
CEAP_P19,eda_scr_auc_medium,15,20
CEAP_P19,eda_std_low,15,20
CEAP_P19,emo_stressed,15,20
CEAP_P19,hr_medium,15,20
CEAP_P19,eda_high,20,25
CEAP_P19,eda_max_medium,20,25
CEAP_P19,eda_peaks_high,20,25
CEAP_P19,eda_scr_auc_high,20,25
CEAP_P19,eda_std_low,20,25
CEAP_P19,emo_excited,20,25
CEAP_P19,hr_low,20,25
CEAP_P19,eda_high,25,30
CEAP_P19,eda_max_low,25,30
CEAP_P19,eda_peaks_medium,25,30
CEAP_P19,eda_scr_auc_medium,25,30
CEAP_P19,eda_std_low,25,30
CEAP_P19,emo_calm,25,30
CEAP_P19,hr_high,25,30
CEAP_P19,eda_high,30,35
CEAP_P19,eda_max_low,30,35
CEAP_P19,eda_peaks_high,30,35
CEAP_P19,eda_scr_auc_medium,30,35
CEAP_P19,eda_std_low,30,35
CEAP_P19,emo_upset,30,35
CEAP_P19,hr_high,30,35
CEAP_P19,eda_scr_amp_high,30,60
CEAP_P19,eda_high,35,40
CEAP_P19,eda_max_medium,35,40
CEAP_P19,eda_peaks_high,35,40
CEAP_P19,eda_scr_auc_medium,35,40
CEAP_P19,eda_std_low,35,40
CEAP_P19,emo_excited,35,40
CEAP_P19,hr_high,35,40
CEAP_P19,eda_high,40,45
CEAP_P19,eda_max_medium,40,45
CEAP_P19,eda_peaks_high,40,45
CEAP_P19,eda_scr_auc_high,40,45
CEAP_P19,eda_std_medium,40,45
CEAP_P19,emo_stressed,40,45
CEAP_P19,hr_high,40,45
CEAP_P19,eda_max_low,45,50
CEAP_P19,eda_medium,45,50
CEAP_P19,eda_peaks_medium,45,50
CEAP_P19,eda_scr_auc_medium,45,50
CEAP_P19,eda_std_high,45,50
CEAP_P19,emo_stressed,45,50
CEAP_P19,hr_high,45,50
CEAP_P19,eda_high,50,55
CEAP_P19,eda_max_medium,50,55
CEAP_P19,eda_peaks_medium,50,55
CEAP_P19,eda_scr_auc_high,50,55
CEAP_P19,eda_std_medium,50,55
CEAP_P19,emo_sad,50,55
CEAP_P19,hr_high,50,55
CEAP_P19,eda_high,55,60
CEAP_P19,eda_max_medium,55,60
CEAP_P19,eda_peaks_medium,55,60
CEAP_P19,eda_scr_auc_high,55,60
CEAP_P19,eda_std_medium,55,60
CEAP_P19,emo_content,55,60
CEAP_P19,hr_high,55,60
CEAP_P19,eda_peaks_low,60,90
CEAP_P19,hrv_cvnn_low,60,90
CEAP_P19,hrv_cvsd_high,60,90
CEAP_P19,hrv_pnn20_medium,60,90
CEAP_P19,hrv_pnn50_low,60,90
CEAP_P19,hrv_rmssd_high,60,90
CEAP_P19,hrv_sdnn_low,60,90
CEAP_P19,temp_high,60,90
CEAP_P2,eda_high,5,10
CEAP_P2,eda_max_high,5,10
CEAP_P2,eda_peaks_high,5,10
CEAP_P2,eda_scr_amp_high,5,10
CEAP_P2,eda_scr_auc_low,5,10
CEAP_P2,eda_std_low,5,10
CEAP_P2,emo_neutral,5,10
CEAP_P2,eda_high,10,15
CEAP_P2,eda_max_high,10,15
CEAP_P2,eda_peaks_high,10,15
CEAP_P2,eda_scr_amp_high,10,15
CEAP_P2,eda_scr_auc_medium,10,15
CEAP_P2,eda_std_low,10,15
CEAP_P2,emo_neutral,10,15
CEAP_P2,eda_high,15,20
CEAP_P2,eda_max_high,15,20
CEAP_P2,eda_peaks_medium,15,20
CEAP_P2,eda_scr_auc_high,15,20
CEAP_P2,eda_std_high,15,20
CEAP_P2,emo_upset,15,20
CEAP_P2,hr_low,15,20
CEAP_P2,eda_scr_amp_high,15,30
CEAP_P2,eda_high,20,25
CEAP_P2,eda_max_high,20,25
CEAP_P2,eda_peaks_medium,20,25
CEAP_P2,eda_scr_auc_high,20,25
CEAP_P2,eda_std_high,20,25
CEAP_P2,emo_upset,20,25
CEAP_P2,hr_low,20,25
CEAP_P2,eda_high,25,30
CEAP_P2,eda_max_high,25,30
CEAP_P2,eda_peaks_high,25,30
CEAP_P2,eda_scr_auc_medium,25,30
CEAP_P2,eda_std_high,25,30
CEAP_P2,emo_relaxed,25,30
CEAP_P2,eda_peaks_low,30,35
CEAP_P2,temp_high,30,35
CEAP_P2,eda_high,35,40
CEAP_P2,eda_max_high,35,40
CEAP_P2,eda_peaks_high,35,40
CEAP_P2,eda_scr_auc_medium,35,40
CEAP_P2,eda_std_low,35,40
CEAP_P2,emo_relaxed,35,40
CEAP_P2,eda_scr_amp_high,35,45
CEAP_P2,eda_high,40,45
CEAP_P2,eda_max_high,40,45
CEAP_P2,eda_peaks_medium,40,45
CEAP_P2,eda_scr_auc_medium,40,45
CEAP_P2,eda_std_low,40,45
CEAP_P2,emo_upset,40,45
CEAP_P2,hr_low,40,45
CEAP_P2,eda_low,45,50
CEAP_P2,eda_max_low,45,50
CEAP_P2,eda_peaks_medium,45,50
CEAP_P2,eda_scr_amp_low,45,50
CEAP_P2,eda_scr_auc_low,45,50
CEAP_P2,eda_std_medium,45,50
CEAP_P2,emo_calm,45,50
CEAP_P2,eda_low,50,55
CEAP_P2,eda_max_medium,50,55
CEAP_P2,eda_peaks_medium,50,55
CEAP_P2,eda_scr_amp_high,50,55
CEAP_P2,eda_scr_auc_high,50,55
CEAP_P2,eda_std_high,50,55
CEAP_P2,emo_upset,50,55
CEAP_P2,eda_high,55,60
CEAP_P2,eda_max_high,55,60
CEAP_P2,eda_peaks_medium,55,60
CEAP_P2,eda_scr_amp_high,55,60
CEAP_P2,eda_scr_auc_medium,55,60
CEAP_P2,eda_std_low,55,60
CEAP_P2,emo_upset,55,60
CEAP_P2,hr_low,55,60
CEAP_P2,eda_peaks_low,60,90
CEAP_P2,temp_low,60,90
CEAP_P20,eda_high,5,10
CEAP_P20,eda_max_high,5,10
CEAP_P20,eda_peaks_medium,5,10
CEAP_P20,eda_scr_amp_high,5,10
CEAP_P20,eda_std_high,5,10
CEAP_P20,emo_neutral,5,10
CEAP_P20,eda_scr_auc_high,5,15
CEAP_P20,eda_max_medium,10,15
CEAP_P20,eda_medium,10,15
CEAP_P20,eda_peaks_medium,10,15
CEAP_P20,eda_scr_amp_low,10,15
CEAP_P20,eda_std_medium,10,15
CEAP_P20,emo_alert,10,15
CEAP_P20,hr_high,10,15
CEAP_P20,eda_max_medium,15,20
CEAP_P20,eda_medium,15,20
CEAP_P20,eda_peaks_medium,15,20
CEAP_P20,eda_scr_amp_medium,15,20
CEAP_P20,eda_scr_auc_high,15,20
CEAP_P20,eda_std_medium,15,20
CEAP_P20,emo_excited,15,20
CEAP_P20,hr_high,15,20
CEAP_P20,eda_max_high,20,25
CEAP_P20,eda_medium,20,25
CEAP_P20,eda_peaks_high,20,25
CEAP_P20,eda_scr_amp_medium,20,25
CEAP_P20,eda_scr_auc_high,20,25
CEAP_P20,eda_std_medium,20,25
CEAP_P20,emo_upset,20,25
CEAP_P20,hr_medium,20,25
CEAP_P20,eda_high,25,30
CEAP_P20,eda_max_high,25,30
CEAP_P20,eda_peaks_high,25,30
CEAP_P20,eda_scr_amp_low,25,30
CEAP_P20,eda_scr_auc_high,25,30
CEAP_P20,eda_std_medium,25,30
CEAP_P20,emo_upset,25,30
CEAP_P20,hr_high,25,30
CEAP_P20,eda_peaks_low,30,35
CEAP_P20,hrv_cvnn_high,30,35
CEAP_P20,hrv_cvsd_high,30,35
CEAP_P20,hrv_pnn20_medium,30,35
CEAP_P20,hrv_pnn50_medium,30,35
CEAP_P20,hrv_rmssd_high,30,35
CEAP_P20,hrv_sdnn_high,30,35
CEAP_P20,temp_medium,30,35
CEAP_P20,eda_high,35,40
CEAP_P20,eda_max_high,35,40
CEAP_P20,eda_peaks_high,35,40
CEAP_P20,eda_scr_amp_low,35,40
CEAP_P20,eda_scr_auc_high,35,40
CEAP_P20,eda_std_low,35,40
CEAP_P20,emo_excited,35,40
CEAP_P20,eda_max_medium,40,45
CEAP_P20,eda_medium,40,45
CEAP_P20,eda_peaks_high,40,45
CEAP_P20,eda_std_low,40,45
CEAP_P20,emo_content,40,45
CEAP_P20,hr_medium,40,45
CEAP_P20,eda_scr_amp_low,40,50
CEAP_P20,eda_scr_auc_high,40,50
CEAP_P20,eda_low,45,50
CEAP_P20,eda_max_low,45,50
CEAP_P20,eda_peaks_high,45,50
CEAP_P20,eda_std_medium,45,50
CEAP_P20,emo_neutral,45,50
CEAP_P20,hr_high,45,50
CEAP_P20,eda_max_medium,50,55
CEAP_P20,eda_medium,50,55
CEAP_P20,eda_peaks_high,50,55
CEAP_P20,eda_scr_amp_low,50,55
CEAP_P20,eda_scr_auc_high,50,55
CEAP_P20,eda_std_medium,50,55
CEAP_P20,emo_content,50,55
CEAP_P20,hr_medium,50,55
CEAP_P20,eda_high,55,60
CEAP_P20,eda_max_high,55,60
CEAP_P20,eda_peaks_high,55,60
CEAP_P20,eda_scr_amp_medium,55,60
CEAP_P20,eda_scr_auc_high,55,60
CEAP_P20,eda_std_medium,55,60
CEAP_P20,emo_stressed,55,60
CEAP_P20,eda_peaks_low,60,90
CEAP_P20,hrv_cvnn_high,60,90
CEAP_P20,hrv_cvsd_high,60,90
CEAP_P20,hrv_pnn20_high,60,90
CEAP_P20,hrv_pnn50_high,60,90
CEAP_P20,hrv_rmssd_high,60,90
CEAP_P20,hrv_sdnn_high,60,90
CEAP_P20,temp_low,60,90
CEAP_P21,eda_max_medium,5,10
CEAP_P21,eda_medium,5,10
CEAP_P21,eda_peaks_high,5,10
CEAP_P21,eda_scr_amp_medium,5,10
CEAP_P21,eda_scr_auc_high,5,10
CEAP_P21,eda_std_low,5,10
CEAP_P21,emo_neutral,5,10
CEAP_P21,hr_low,5,10
CEAP_P21,eda_high,10,15
CEAP_P21,eda_max_high,10,15
CEAP_P21,eda_peaks_medium,10,15
CEAP_P21,eda_scr_amp_medium,10,15
CEAP_P21,eda_scr_auc_medium,10,15
CEAP_P21,eda_std_low,10,15
CEAP_P21,emo_stressed,10,15
CEAP_P21,hr_high,10,15
CEAP_P21,eda_high,15,20
CEAP_P21,eda_max_high,15,20
CEAP_P21,eda_scr_amp_high,15,20
CEAP_P21,eda_scr_auc_high,15,20
CEAP_P21,eda_std_high,15,20
CEAP_P21,emo_excited,15,20
CEAP_P21,hr_low,15,20
CEAP_P21,eda_peaks_high,15,25
CEAP_P21,eda_low,20,25
CEAP_P21,eda_max_low,20,25
CEAP_P21,eda_scr_amp_high,20,25
CEAP_P21,eda_scr_auc_high,20,25
CEAP_P21,eda_std_high,20,25
CEAP_P21,emo_content,20,25
CEAP_P21,hr_medium,20,25
CEAP_P21,eda_max_medium,25,30
CEAP_P21,eda_medium,25,30
CEAP_P21,eda_peaks_high,25,30
CEAP_P21,eda_scr_amp_medium,25,30
CEAP_P21,eda_scr_auc_medium,25,30
CEAP_P21,eda_std_low,25,30
CEAP_P21,emo_upset,25,30
CEAP_P21,hr_medium,25,30
CEAP_P21,eda_peaks_low,30,35
CEAP_P21,hrv_cvnn_high,30,35
CEAP_P21,hrv_cvsd_medium,30,35
CEAP_P21,hrv_pnn20_low,30,35
CEAP_P21,hrv_pnn50_low,30,35
CEAP_P21,hrv_rmssd_medium,30,35
CEAP_P21,hrv_sdnn_high,30,35
CEAP_P21,temp_high,30,35
CEAP_P21,eda_low,35,40
CEAP_P21,eda_max_low,35,40
CEAP_P21,eda_scr_amp_medium,35,40
CEAP_P21,eda_scr_auc_medium,35,40
CEAP_P21,eda_std_low,35,40
CEAP_P21,emo_neutral,35,40
CEAP_P21,hr_high,35,40
CEAP_P21,eda_peaks_high,35,50
CEAP_P21,eda_high,40,45
CEAP_P21,eda_max_high,40,45
CEAP_P21,eda_scr_amp_low,40,45
CEAP_P21,eda_scr_auc_low,40,45
CEAP_P21,eda_std_low,40,45
CEAP_P21,emo_upset,40,45
CEAP_P21,hr_medium,40,45
CEAP_P21,eda_max_medium,45,50
CEAP_P21,eda_medium,45,50
CEAP_P21,eda_std_low,45,50
CEAP_P21,emo_excited,45,50
CEAP_P21,hr_low,45,50
CEAP_P21,eda_scr_amp_medium,45,55
CEAP_P21,eda_scr_auc_medium,45,55
CEAP_P21,eda_max_medium,50,55
CEAP_P21,eda_medium,50,55
CEAP_P21,eda_std_low,50,55
CEAP_P21,emo_content,50,55
CEAP_P21,hr_medium,50,55
CEAP_P21,eda_peaks_high,50,60
CEAP_P21,eda_low,55,60
CEAP_P21,eda_max_low,55,60
CEAP_P21,eda_scr_amp_medium,55,60
CEAP_P21,eda_scr_auc_medium,55,60
CEAP_P21,eda_std_low,55,60
CEAP_P21,emo_alert,55,60
CEAP_P21,hr_low,55,60
CEAP_P21,eda_peaks_low,60,90
CEAP_P21,hrv_cvnn_low,60,90
CEAP_P21,hrv_cvsd_low,60,90
CEAP_P21,hrv_pnn20_low,60,90
CEAP_P21,hrv_pnn50_medium,60,90
CEAP_P21,hrv_rmssd_low,60,90
CEAP_P21,hrv_sdnn_low,60,90
CEAP_P21,temp_high,60,90
CEAP_P22,eda_low,5,10
CEAP_P22,eda_max_medium,5,10
CEAP_P22,eda_peaks_medium,5,10
CEAP_P22,eda_scr_amp_medium,5,10
CEAP_P22,eda_scr_auc_medium,5,10
CEAP_P22,eda_std_high,5,10
CEAP_P22,emo_neutral,5,10
CEAP_P22,hr_high,5,10
CEAP_P22,eda_high,10,15
CEAP_P22,eda_max_high,10,15
CEAP_P22,eda_peaks_low,10,15
CEAP_P22,eda_scr_amp_high,10,15
CEAP_P22,eda_scr_auc_high,10,15
CEAP_P22,eda_std_high,10,15
CEAP_P22,emo_content,10,15
CEAP_P22,hr_high,10,15
CEAP_P22,eda_max_medium,15,20
CEAP_P22,eda_medium,15,20
CEAP_P22,eda_peaks_high,15,20
CEAP_P22,eda_scr_amp_low,15,20
CEAP_P22,eda_scr_auc_medium,15,20
CEAP_P22,eda_std_low,15,20
CEAP_P22,emo_upset,15,20
CEAP_P22,hr_medium,15,20
CEAP_P22,eda_max_medium,20,25
CEAP_P22,eda_medium,20,25
CEAP_P22,eda_peaks_medium,20,25
CEAP_P22,eda_scr_amp_low,20,25
CEAP_P22,eda_scr_auc_medium,20,25
CEAP_P22,eda_std_high,20,25
CEAP_P22,emo_upset,20,25
CEAP_P22,hr_medium,20,25
CEAP_P22,eda_high,25,30
CEAP_P22,eda_max_high,25,30
CEAP_P22,eda_peaks_low,25,30
CEAP_P22,eda_scr_amp_high,25,30
CEAP_P22,eda_scr_auc_high,25,30
CEAP_P22,eda_std_high,25,30
CEAP_P22,emo_content,25,30
CEAP_P22,hr_high,25,30
CEAP_P22,eda_peaks_low,30,35
CEAP_P22,hrv_cvnn_high,30,35
CEAP_P22,hrv_cvsd_high,30,35
CEAP_P22,hrv_pnn20_medium,30,35
CEAP_P22,hrv_pnn50_high,30,35
CEAP_P22,hrv_rmssd_medium,30,35
CEAP_P22,hrv_sdnn_high,30,35
CEAP_P22,temp_low,30,35
CEAP_P22,eda_max_high,35,40
CEAP_P22,eda_medium,35,40
CEAP_P22,eda_peaks_low,35,40
CEAP_P22,eda_scr_amp_high,35,40
CEAP_P22,eda_scr_auc_high,35,40
CEAP_P22,eda_std_high,35,40
CEAP_P22,emo_calm,35,40
CEAP_P22,hr_low,35,40
CEAP_P22,eda_max_high,40,45
CEAP_P22,eda_medium,40,45
CEAP_P22,eda_peaks_low,40,45
CEAP_P22,eda_scr_amp_medium,40,45
CEAP_P22,eda_scr_auc_high,40,45
CEAP_P22,eda_std_high,40,45
CEAP_P22,emo_calm,40,45
CEAP_P22,hr_high,40,45
CEAP_P22,eda_max_high,45,50
CEAP_P22,eda_medium,45,50
CEAP_P22,eda_peaks_low,45,50
CEAP_P22,eda_scr_amp_low,45,50
CEAP_P22,eda_scr_auc_high,45,50
CEAP_P22,eda_std_high,45,50
CEAP_P22,emo_neutral,45,50
CEAP_P22,hr_high,45,50
CEAP_P22,eda_low,50,55
CEAP_P22,eda_max_medium,50,55
CEAP_P22,eda_peaks_high,50,55
CEAP_P22,eda_scr_amp_low,50,55
CEAP_P22,eda_scr_auc_low,50,55
CEAP_P22,eda_std_low,50,55
CEAP_P22,emo_upset,50,55
CEAP_P22,hr_low,50,55
CEAP_P22,eda_max_medium,55,60
CEAP_P22,eda_medium,55,60
CEAP_P22,eda_peaks_high,55,60
CEAP_P22,eda_scr_amp_low,55,60
CEAP_P22,eda_scr_auc_low,55,60
CEAP_P22,eda_std_low,55,60
CEAP_P22,emo_relaxed,55,60
CEAP_P22,hr_low,55,60
CEAP_P22,eda_high,60,90
CEAP_P22,eda_max_high,60,90
CEAP_P22,eda_peaks_medium,60,90
CEAP_P22,eda_scr_amp_low,60,90
CEAP_P22,eda_scr_auc_medium,60,90
CEAP_P22,eda_std_medium,60,90
CEAP_P22,emo_upset,60,90
CEAP_P22,hr_high,60,90
CEAP_P23,eda_low,5,10
CEAP_P23,eda_max_low,5,10
CEAP_P23,eda_peaks_medium,5,10
CEAP_P23,eda_scr_auc_high,5,10
CEAP_P23,eda_std_medium,5,10
CEAP_P23,emo_neutral,5,10
CEAP_P23,eda_scr_amp_high,5,20
CEAP_P23,eda_low,10,15
CEAP_P23,eda_max_low,10,15
CEAP_P23,eda_peaks_high,10,15
CEAP_P23,eda_scr_auc_high,10,15
CEAP_P23,eda_std_low,10,15
CEAP_P23,emo_excited,10,15
CEAP_P23,hr_high,10,15
CEAP_P23,eda_high,15,20
CEAP_P23,eda_max_high,15,20
CEAP_P23,eda_peaks_high,15,20
CEAP_P23,eda_scr_auc_high,15,20
CEAP_P23,eda_std_medium,15,20
CEAP_P23,emo_neutral,15,20
CEAP_P23,hr_high,15,20
CEAP_P23,eda_high,20,25
CEAP_P23,eda_max_high,20,25
CEAP_P23,eda_peaks_medium,20,25
CEAP_P23,eda_scr_auc_medium,20,25
CEAP_P23,eda_std_medium,20,25
CEAP_P23,emo_sad,20,25
CEAP_P23,hr_high,20,25
CEAP_P23,eda_scr_amp_high,20,30
CEAP_P23,eda_low,25,30
CEAP_P23,eda_max_low,25,30
CEAP_P23,eda_peaks_medium,25,30
CEAP_P23,eda_scr_auc_high,25,30
CEAP_P23,eda_std_low,25,30
CEAP_P23,emo_excited,25,30
CEAP_P23,hr_medium,25,30
CEAP_P23,eda_low,30,35
CEAP_P23,eda_max_low,30,35
CEAP_P23,eda_scr_amp_high,30,35
CEAP_P23,eda_scr_auc_high,30,35
CEAP_P23,emo_stressed,30,35
CEAP_P23,hr_medium,30,35
CEAP_P23,eda_peaks_high,30,40
CEAP_P23,eda_std_low,30,50
CEAP_P23,eda_low,35,40
CEAP_P23,eda_max_low,35,40
CEAP_P23,eda_scr_auc_high,35,40
CEAP_P23,emo_relaxed,35,40
CEAP_P23,hr_low,35,40
CEAP_P23,eda_scr_amp_high,35,50
CEAP_P23,eda_low,40,45
CEAP_P23,eda_max_medium,40,45
CEAP_P23,eda_peaks_medium,40,45
CEAP_P23,eda_scr_auc_high,40,45
CEAP_P23,emo_sad,40,45
CEAP_P23,hr_high,40,45
CEAP_P23,eda_low,45,50
CEAP_P23,eda_max_low,45,50
CEAP_P23,eda_peaks_medium,45,50
CEAP_P23,eda_scr_auc_high,45,50
CEAP_P23,emo_upset,45,50
CEAP_P23,hr_medium,45,50
CEAP_P23,eda_low,50,55
CEAP_P23,eda_max_low,50,55
CEAP_P23,eda_peaks_high,50,55
CEAP_P23,eda_scr_amp_high,50,55
CEAP_P23,eda_scr_auc_high,50,55
CEAP_P23,eda_std_medium,50,55
CEAP_P23,emo_stressed,50,55
CEAP_P23,hr_high,50,55
CEAP_P23,eda_high,55,60
CEAP_P23,eda_max_high,55,60
CEAP_P23,eda_peaks_high,55,60
CEAP_P23,eda_scr_amp_high,55,60
CEAP_P23,eda_scr_auc_high,55,60
CEAP_P23,eda_std_low,55,60
CEAP_P23,emo_sad,55,60
CEAP_P23,hr_high,55,60
CEAP_P23,eda_low,60,90
CEAP_P23,eda_max_low,60,90
CEAP_P23,eda_peaks_high,60,90
CEAP_P23,eda_scr_amp_high,60,90
CEAP_P23,eda_scr_auc_high,60,90
CEAP_P23,eda_std_low,60,90
CEAP_P23,emo_excited,60,90
CEAP_P23,hr_high,60,90
CEAP_P24,eda_low,5,10
CEAP_P24,eda_max_medium,5,10
CEAP_P24,eda_peaks_medium,5,10
CEAP_P24,eda_scr_amp_high,5,10
CEAP_P24,eda_scr_auc_high,5,10
CEAP_P24,eda_std_high,5,10
CEAP_P24,emo_neutral,5,10
CEAP_P24,eda_high,10,15
CEAP_P24,eda_max_high,10,15
CEAP_P24,eda_peaks_medium,10,15
CEAP_P24,eda_scr_auc_high,10,15
CEAP_P24,eda_std_medium,10,15
CEAP_P24,emo_neutral,10,15
CEAP_P24,hr_medium,10,15
CEAP_P24,eda_scr_amp_low,10,30
CEAP_P24,eda_high,15,20
CEAP_P24,eda_max_high,15,20
CEAP_P24,eda_peaks_high,15,20
CEAP_P24,eda_scr_auc_medium,15,20
CEAP_P24,eda_std_low,15,20
CEAP_P24,emo_neutral,15,20
CEAP_P24,hr_high,15,20
CEAP_P24,eda_high,20,25
CEAP_P24,eda_max_high,20,25
CEAP_P24,eda_peaks_medium,20,25
CEAP_P24,eda_std_low,20,25
CEAP_P24,emo_stressed,20,25
CEAP_P24,hr_medium,20,25
CEAP_P24,eda_scr_auc_medium,20,30
CEAP_P24,eda_high,25,30
CEAP_P24,eda_max_high,25,30
CEAP_P24,eda_peaks_high,25,30
CEAP_P24,eda_std_medium,25,30
CEAP_P24,emo_excited,25,30
CEAP_P24,hr_high,25,30
CEAP_P24,eda_peaks_low,30,35
CEAP_P24,hrv_cvnn_medium,30,35
CEAP_P24,hrv_cvsd_low,30,35
CEAP_P24,hrv_pnn20_high,30,35
CEAP_P24,hrv_pnn50_medium,30,35
CEAP_P24,hrv_rmssd_low,30,35
CEAP_P24,hrv_sdnn_medium,30,35
CEAP_P24,temp_low,30,35
CEAP_P24,eda_high,35,40
CEAP_P24,eda_max_high,35,40
CEAP_P24,eda_peaks_medium,35,40
CEAP_P24,eda_scr_auc_low,35,40
CEAP_P24,eda_std_low,35,40
CEAP_P24,emo_sad,35,40
CEAP_P24,hr_high,35,40
CEAP_P24,eda_scr_amp_low,35,60
CEAP_P24,eda_max_low,40,45
CEAP_P24,eda_medium,40,45
CEAP_P24,eda_peaks_high,40,45
CEAP_P24,eda_scr_auc_medium,40,45
CEAP_P24,eda_std_low,40,45
CEAP_P24,emo_alert,40,45
CEAP_P24,eda_max_low,45,50
CEAP_P24,eda_medium,45,50
CEAP_P24,eda_peaks_high,45,50
CEAP_P24,eda_scr_auc_medium,45,50
CEAP_P24,eda_std_low,45,50
CEAP_P24,emo_excited,45,50
CEAP_P24,eda_high,50,55
CEAP_P24,eda_max_high,50,55
CEAP_P24,eda_peaks_high,50,55
CEAP_P24,eda_scr_auc_high,50,55
CEAP_P24,eda_std_medium,50,55
CEAP_P24,emo_content,50,55
CEAP_P24,hr_high,50,55
CEAP_P24,eda_max_low,55,60
CEAP_P24,eda_medium,55,60
CEAP_P24,eda_peaks_medium,55,60
CEAP_P24,eda_scr_auc_medium,55,60
CEAP_P24,eda_std_low,55,60
CEAP_P24,emo_neutral,55,60
CEAP_P24,hr_medium,55,60
CEAP_P24,eda_peaks_low,60,90
CEAP_P24,hrv_cvnn_high,60,90
CEAP_P24,hrv_cvsd_high,60,90
CEAP_P24,hrv_pnn20_medium,60,90
CEAP_P24,hrv_pnn50_high,60,90
CEAP_P24,hrv_rmssd_high,60,90
CEAP_P24,hrv_sdnn_high,60,90
CEAP_P24,temp_high,60,90
CEAP_P25,eda_low,5,10
CEAP_P25,eda_max_low,5,10
CEAP_P25,eda_peaks_high,5,10
CEAP_P25,eda_scr_amp_high,5,10
CEAP_P25,eda_std_high,5,10
CEAP_P25,emo_neutral,5,10
CEAP_P25,hr_high,5,10
CEAP_P25,eda_scr_auc_high,5,15
CEAP_P25,eda_high,10,15
CEAP_P25,eda_max_high,10,15
CEAP_P25,eda_peaks_high,10,15
CEAP_P25,eda_scr_amp_low,10,15
CEAP_P25,eda_std_high,10,15
CEAP_P25,emo_neutral,10,15
CEAP_P25,hr_high,10,15
CEAP_P25,eda_high,15,20
CEAP_P25,eda_max_high,15,20
CEAP_P25,eda_peaks_high,15,20
CEAP_P25,eda_scr_amp_high,15,20
CEAP_P25,eda_std_medium,15,20
CEAP_P25,emo_alert,15,20
CEAP_P25,hr_high,15,20
CEAP_P25,eda_scr_auc_high,15,30
CEAP_P25,eda_high,20,25
CEAP_P25,eda_max_high,20,25
CEAP_P25,eda_peaks_high,20,25
CEAP_P25,eda_scr_amp_high,20,25
CEAP_P25,eda_std_high,20,25
CEAP_P25,emo_content,20,25
CEAP_P25,hr_medium,20,25
CEAP_P25,eda_max_medium,25,30
CEAP_P25,eda_medium,25,30
CEAP_P25,eda_peaks_medium,25,30
CEAP_P25,eda_scr_amp_high,25,30
CEAP_P25,eda_std_high,25,30
CEAP_P25,emo_upset,25,30
CEAP_P25,hr_medium,25,30
CEAP_P25,eda_high,30,35
CEAP_P25,eda_max_high,30,35
CEAP_P25,eda_peaks_high,30,35
CEAP_P25,eda_scr_amp_low,30,35
CEAP_P25,eda_scr_auc_high,30,35
CEAP_P25,emo_content,30,35
CEAP_P25,hr_high,30,35
CEAP_P25,eda_std_high,30,40
CEAP_P25,eda_max_medium,35,40
CEAP_P25,eda_medium,35,40
CEAP_P25,eda_peaks_high,35,40
CEAP_P25,eda_scr_amp_low,35,40
CEAP_P25,eda_scr_auc_low,35,40
CEAP_P25,emo_excited,35,40
CEAP_P25,hr_high,35,40
CEAP_P25,eda_high,40,45
CEAP_P25,eda_max_high,40,45
CEAP_P25,eda_peaks_high,40,45
CEAP_P25,eda_scr_amp_high,40,45
CEAP_P25,eda_std_high,40,45
CEAP_P25,emo_content,40,45
CEAP_P25,hr_high,40,45
CEAP_P25,eda_scr_auc_high,40,60
CEAP_P25,eda_high,45,50
CEAP_P25,eda_max_high,45,50
CEAP_P25,eda_peaks_high,45,50
CEAP_P25,eda_scr_amp_medium,45,50
CEAP_P25,emo_calm,45,50
CEAP_P25,hr_medium,45,50
CEAP_P25,eda_std_high,45,60
CEAP_P25,eda_high,50,55
CEAP_P25,eda_max_high,50,55
CEAP_P25,eda_peaks_high,50,55
CEAP_P25,eda_scr_amp_low,50,55
CEAP_P25,emo_content,50,55
CEAP_P25,hr_low,50,55
CEAP_P25,eda_high,55,60
CEAP_P25,eda_max_high,55,60
CEAP_P25,eda_peaks_medium,55,60
CEAP_P25,eda_scr_amp_high,55,60
CEAP_P25,emo_content,55,60
CEAP_P25,hr_medium,55,60
CEAP_P25,eda_low,60,90
CEAP_P25,eda_max_low,60,90
CEAP_P25,eda_peaks_high,60,90
CEAP_P25,eda_scr_amp_low,60,90
CEAP_P25,eda_scr_auc_high,60,90
CEAP_P25,eda_std_high,60,90
CEAP_P25,emo_alert,60,90
CEAP_P25,hr_high,60,90
CEAP_P26,eda_low,5,10
CEAP_P26,eda_max_low,5,10
CEAP_P26,eda_peaks_high,5,10
CEAP_P26,eda_scr_auc_medium,5,10
CEAP_P26,eda_std_low,5,10
CEAP_P26,emo_upset,5,10
CEAP_P26,eda_scr_amp_medium,5,30
CEAP_P26,eda_low,10,15
CEAP_P26,eda_max_low,10,15
CEAP_P26,eda_peaks_high,10,15
CEAP_P26,eda_scr_auc_medium,10,15
CEAP_P26,eda_std_medium,10,15
CEAP_P26,emo_calm,10,15
CEAP_P26,hr_high,10,15
CEAP_P26,eda_max_medium,15,20
CEAP_P26,eda_medium,15,20
CEAP_P26,eda_peaks_high,15,20
CEAP_P26,eda_scr_auc_medium,15,20
CEAP_P26,eda_std_medium,15,20
CEAP_P26,emo_alert,15,20
CEAP_P26,hr_high,15,20
CEAP_P26,eda_low,20,25
CEAP_P26,eda_max_low,20,25
CEAP_P26,eda_peaks_high,20,25
CEAP_P26,eda_scr_auc_medium,20,25
CEAP_P26,eda_std_medium,20,25
CEAP_P26,emo_neutral,20,25
CEAP_P26,hr_high,20,25
CEAP_P26,eda_max_medium,25,30
CEAP_P26,eda_medium,25,30
CEAP_P26,eda_peaks_medium,25,30
CEAP_P26,eda_scr_auc_medium,25,30
CEAP_P26,eda_std_low,25,30
CEAP_P26,emo_neutral,25,30
CEAP_P26,hr_high,25,30
CEAP_P26,eda_low,30,35
CEAP_P26,eda_max_low,30,35
CEAP_P26,eda_peaks_high,30,35
CEAP_P26,eda_scr_amp_medium,30,35
CEAP_P26,eda_scr_auc_medium,30,35
CEAP_P26,eda_std_medium,30,35
CEAP_P26,emo_neutral,30,35
CEAP_P26,hr_high,30,35
CEAP_P26,eda_high,35,40
CEAP_P26,eda_max_high,35,40
CEAP_P26,eda_peaks_medium,35,40
CEAP_P26,eda_scr_auc_high,35,40
CEAP_P26,eda_std_medium,35,40
CEAP_P26,emo_calm,35,40
CEAP_P26,hr_medium,35,40
CEAP_P26,eda_scr_amp_medium,35,55
CEAP_P26,eda_low,40,45
CEAP_P26,eda_max_medium,40,45
CEAP_P26,eda_peaks_medium,40,45
CEAP_P26,eda_scr_auc_medium,40,45
CEAP_P26,eda_std_low,40,45
CEAP_P26,emo_excited,40,45
CEAP_P26,hr_medium,40,45
CEAP_P26,eda_max_medium,45,50
CEAP_P26,eda_medium,45,50
CEAP_P26,eda_peaks_high,45,50
CEAP_P26,eda_scr_auc_high,45,50
CEAP_P26,eda_std_medium,45,50
CEAP_P26,emo_alert,45,50
CEAP_P26,hr_medium,45,50
CEAP_P26,eda_low,50,55
CEAP_P26,eda_max_medium,50,55
CEAP_P26,eda_peaks_high,50,55
CEAP_P26,eda_scr_auc_medium,50,55
CEAP_P26,eda_std_medium,50,55
CEAP_P26,emo_excited,50,55
CEAP_P26,hr_high,50,55
CEAP_P26,eda_max_medium,55,60
CEAP_P26,eda_medium,55,60
CEAP_P26,eda_peaks_high,55,60
CEAP_P26,eda_scr_amp_medium,55,60
CEAP_P26,eda_scr_auc_medium,55,60
CEAP_P26,eda_std_medium,55,60
CEAP_P26,emo_alert,55,60
CEAP_P26,hr_high,55,60
CEAP_P26,eda_peaks_low,60,90
CEAP_P26,hrv_cvnn_high,60,90
CEAP_P26,hrv_cvsd_medium,60,90
CEAP_P26,hrv_pnn20_high,60,90
CEAP_P26,hrv_pnn50_medium,60,90
CEAP_P26,hrv_rmssd_medium,60,90
CEAP_P26,hrv_sdnn_high,60,90
CEAP_P26,temp_high,60,90
CEAP_P27,eda_max_low,5,10
CEAP_P27,eda_medium,5,10
CEAP_P27,eda_scr_auc_medium,5,10
CEAP_P27,eda_std_medium,5,10
CEAP_P27,emo_neutral,5,10
CEAP_P27,hr_medium,5,10
CEAP_P27,eda_peaks_high,5,15
CEAP_P27,eda_scr_amp_low,5,30
CEAP_P27,eda_max_medium,10,15
CEAP_P27,eda_medium,10,15
CEAP_P27,eda_scr_auc_medium,10,15
CEAP_P27,eda_std_medium,10,15
CEAP_P27,emo_content,10,15
CEAP_P27,hr_high,10,15
CEAP_P27,eda_max_medium,15,20
CEAP_P27,eda_medium,15,20
CEAP_P27,eda_peaks_medium,15,20
CEAP_P27,eda_scr_auc_low,15,20
CEAP_P27,eda_std_low,15,20
CEAP_P27,emo_neutral,15,20
CEAP_P27,hr_high,15,20
CEAP_P27,eda_max_medium,20,25
CEAP_P27,eda_medium,20,25
CEAP_P27,eda_peaks_high,20,25
CEAP_P27,eda_scr_auc_medium,20,25
CEAP_P27,eda_std_low,20,25
CEAP_P27,emo_neutral,20,25
CEAP_P27,hr_high,20,25
CEAP_P27,eda_high,25,30
CEAP_P27,eda_max_high,25,30
CEAP_P27,eda_peaks_high,25,30
CEAP_P27,eda_scr_auc_medium,25,30
CEAP_P27,eda_std_medium,25,30
CEAP_P27,emo_content,25,30
CEAP_P27,hr_medium,25,30
CEAP_P27,eda_high,30,35
CEAP_P27,eda_max_high,30,35
CEAP_P27,eda_peaks_medium,30,35
CEAP_P27,eda_scr_amp_low,30,35
CEAP_P27,eda_scr_auc_medium,30,35
CEAP_P27,eda_std_medium,30,35
CEAP_P27,emo_content,30,35
CEAP_P27,hr_medium,30,35
CEAP_P27,eda_max_medium,35,40
CEAP_P27,eda_medium,35,40
CEAP_P27,eda_peaks_high,35,40
CEAP_P27,eda_scr_auc_medium,35,40
CEAP_P27,eda_std_medium,35,40
CEAP_P27,emo_content,35,40
CEAP_P27,hr_medium,35,40
CEAP_P27,eda_scr_amp_low,35,45
CEAP_P27,eda_max_medium,40,45
CEAP_P27,eda_medium,40,45
CEAP_P27,eda_peaks_medium,40,45
CEAP_P27,eda_scr_auc_low,40,45
CEAP_P27,eda_std_medium,40,45
CEAP_P27,emo_neutral,40,45
CEAP_P27,hr_high,40,45
CEAP_P27,eda_max_low,45,50
CEAP_P27,eda_medium,45,50
CEAP_P27,eda_peaks_medium,45,50
CEAP_P27,eda_scr_amp_low,45,50
CEAP_P27,eda_scr_auc_high,45,50
CEAP_P27,eda_std_high,45,50
CEAP_P27,emo_content,45,50
CEAP_P27,hr_medium,45,50
CEAP_P27,eda_max_medium,50,55
CEAP_P27,eda_medium,50,55
CEAP_P27,eda_peaks_high,50,55
CEAP_P27,eda_scr_amp_low,50,55
CEAP_P27,eda_scr_auc_medium,50,55
CEAP_P27,eda_std_medium,50,55
CEAP_P27,emo_content,50,55
CEAP_P27,hr_medium,50,55
CEAP_P27,eda_high,55,60
CEAP_P27,eda_max_high,55,60
CEAP_P27,eda_peaks_high,55,60
CEAP_P27,eda_scr_amp_low,55,60
CEAP_P27,eda_scr_auc_medium,55,60
CEAP_P27,eda_std_high,55,60
CEAP_P27,emo_content,55,60
CEAP_P27,hr_medium,55,60
CEAP_P27,eda_peaks_low,60,90
CEAP_P27,hrv_cvnn_high,60,90
CEAP_P27,hrv_cvsd_high,60,90
CEAP_P27,hrv_pnn20_high,60,90
CEAP_P27,hrv_pnn50_high,60,90
CEAP_P27,hrv_rmssd_high,60,90
CEAP_P27,hrv_sdnn_high,60,90
CEAP_P27,temp_low,60,90
CEAP_P28,eda_max_medium,5,10
CEAP_P28,eda_medium,5,10
CEAP_P28,eda_peaks_medium,5,10
CEAP_P28,eda_scr_amp_medium,5,10
CEAP_P28,eda_scr_auc_high,5,10
CEAP_P28,eda_std_medium,5,10
CEAP_P28,emo_calm,5,10
CEAP_P28,hr_medium,5,10
CEAP_P28,eda_high,10,15
CEAP_P28,eda_max_high,10,15
CEAP_P28,eda_scr_amp_low,10,15
CEAP_P28,eda_scr_auc_high,10,15
CEAP_P28,eda_std_medium,10,15
CEAP_P28,emo_upset,10,15
CEAP_P28,hr_high,10,15
CEAP_P28,eda_peaks_high,10,20
CEAP_P28,eda_high,15,20
CEAP_P28,eda_max_high,15,20
CEAP_P28,eda_scr_amp_low,15,20
CEAP_P28,eda_scr_auc_high,15,20
CEAP_P28,eda_std_low,15,20
CEAP_P28,emo_relaxed,15,20
CEAP_P28,hr_low,15,20
CEAP_P28,eda_high,20,25
CEAP_P28,eda_max_high,20,25
CEAP_P28,eda_peaks_medium,20,25
CEAP_P28,eda_scr_amp_low,20,25
CEAP_P28,eda_scr_auc_medium,20,25
CEAP_P28,eda_std_low,20,25
CEAP_P28,emo_upset,20,25
CEAP_P28,hr_medium,20,25
CEAP_P28,eda_high,25,30
CEAP_P28,eda_max_high,25,30
CEAP_P28,eda_peaks_high,25,30
CEAP_P28,eda_scr_amp_low,25,30
CEAP_P28,eda_scr_auc_high,25,30
CEAP_P28,eda_std_low,25,30
CEAP_P28,emo_relaxed,25,30
CEAP_P28,hr_medium,25,30
CEAP_P28,eda_peaks_low,30,35
CEAP_P28,hrv_cvnn_low,30,35
CEAP_P28,hrv_cvsd_medium,30,35
CEAP_P28,hrv_pnn20_high,30,35
CEAP_P28,hrv_pnn50_high,30,35
CEAP_P28,hrv_rmssd_medium,30,35
CEAP_P28,hrv_sdnn_low,30,35
CEAP_P28,temp_high,30,35
CEAP_P28,eda_high,35,40
CEAP_P28,eda_max_high,35,40
CEAP_P28,eda_peaks_high,35,40
CEAP_P28,eda_scr_amp_low,35,40
CEAP_P28,eda_scr_auc_medium,35,40
CEAP_P28,eda_std_low,35,40
CEAP_P28,emo_sad,35,40
CEAP_P28,hr_medium,35,40
CEAP_P28,eda_max_medium,40,45
CEAP_P28,eda_medium,40,45
CEAP_P28,eda_peaks_high,40,45
CEAP_P28,eda_scr_amp_low,40,45
CEAP_P28,eda_scr_auc_high,40,45
CEAP_P28,eda_std_high,40,45
CEAP_P28,emo_alert,40,45
CEAP_P28,hr_high,40,45
CEAP_P28,eda_max_medium,45,50
CEAP_P28,eda_medium,45,50
CEAP_P28,eda_peaks_high,45,50
CEAP_P28,eda_scr_amp_low,45,50
CEAP_P28,eda_scr_auc_high,45,50
CEAP_P28,eda_std_medium,45,50
CEAP_P28,emo_excited,45,50
CEAP_P28,hr_high,45,50
CEAP_P28,eda_high,50,55
CEAP_P28,eda_max_high,50,55
CEAP_P28,eda_peaks_high,50,55
CEAP_P28,eda_scr_amp_low,50,55
CEAP_P28,eda_scr_auc_medium,50,55
CEAP_P28,eda_std_low,50,55
CEAP_P28,emo_calm,50,55
CEAP_P28,hr_low,50,55
CEAP_P28,eda_max_medium,55,60
CEAP_P28,eda_medium,55,60
CEAP_P28,eda_peaks_high,55,60
CEAP_P28,eda_scr_amp_low,55,60
CEAP_P28,eda_scr_auc_high,55,60
CEAP_P28,eda_std_medium,55,60
CEAP_P28,emo_calm,55,60
CEAP_P28,hr_low,55,60
CEAP_P28,eda_peaks_low,60,90
CEAP_P28,hrv_cvnn_low,60,90
CEAP_P28,hrv_cvsd_low,60,90
CEAP_P28,hrv_pnn20_high,60,90
CEAP_P28,hrv_pnn50_medium,60,90
CEAP_P28,hrv_rmssd_low,60,90
CEAP_P28,hrv_sdnn_low,60,90
CEAP_P28,temp_low,60,90
CEAP_P29,eda_high,5,10
CEAP_P29,eda_max_high,5,10
CEAP_P29,eda_peaks_medium,5,10
CEAP_P29,eda_scr_amp_low,5,10
CEAP_P29,eda_std_high,5,10
CEAP_P29,emo_neutral,5,10
CEAP_P29,hr_medium,5,10
CEAP_P29,eda_scr_auc_high,5,30
CEAP_P29,eda_high,10,15
CEAP_P29,eda_max_high,10,15
CEAP_P29,eda_peaks_medium,10,15
CEAP_P29,eda_scr_amp_low,10,15
CEAP_P29,eda_std_medium,10,15
CEAP_P29,emo_excited,10,15
CEAP_P29,hr_high,10,15
CEAP_P29,eda_max_high,15,20
CEAP_P29,eda_medium,15,20
CEAP_P29,eda_scr_amp_medium,15,20
CEAP_P29,emo_neutral,15,20
CEAP_P29,hr_high,15,20
CEAP_P29,eda_peaks_high,15,25
CEAP_P29,eda_std_high,15,30
CEAP_P29,eda_max_medium,20,25
CEAP_P29,eda_medium,20,25
CEAP_P29,eda_scr_amp_high,20,25
CEAP_P29,emo_neutral,20,25
CEAP_P29,hr_medium,20,25
CEAP_P29,eda_high,25,30
CEAP_P29,eda_max_high,25,30
CEAP_P29,eda_peaks_high,25,30
CEAP_P29,eda_scr_amp_medium,25,30
CEAP_P29,emo_calm,25,30
CEAP_P29,hr_medium,25,30
CEAP_P29,eda_peaks_low,30,35
CEAP_P29,hrv_cvnn_medium,30,35
CEAP_P29,hrv_cvsd_high,30,35
CEAP_P29,hrv_pnn20_medium,30,35
CEAP_P29,hrv_pnn50_low,30,35
CEAP_P29,hrv_rmssd_high,30,35
CEAP_P29,hrv_sdnn_medium,30,35
CEAP_P29,temp_low,30,35
CEAP_P29,eda_high,35,40
CEAP_P29,eda_max_high,35,40
CEAP_P29,eda_peaks_high,35,40
CEAP_P29,eda_scr_amp_high,35,40
CEAP_P29,eda_std_high,35,40
CEAP_P29,emo_excited,35,40
CEAP_P29,hr_medium,35,40
CEAP_P29,eda_scr_auc_high,35,55
CEAP_P29,eda_high,40,45
CEAP_P29,eda_max_high,40,45
CEAP_P29,eda_peaks_medium,40,45
CEAP_P29,eda_scr_amp_high,40,45
CEAP_P29,eda_std_high,40,45
CEAP_P29,emo_relaxed,40,45
CEAP_P29,hr_medium,40,45
CEAP_P29,eda_low,45,50
CEAP_P29,eda_max_low,45,50
CEAP_P29,eda_peaks_high,45,50
CEAP_P29,eda_scr_amp_high,45,50
CEAP_P29,emo_upset,45,50
CEAP_P29,hr_medium,45,50
CEAP_P29,eda_std_high,45,55
CEAP_P29,eda_high,50,55
CEAP_P29,eda_max_high,50,55
CEAP_P29,eda_peaks_high,50,55
CEAP_P29,eda_scr_amp_medium,50,55
CEAP_P29,emo_relaxed,50,55
CEAP_P29,hr_high,50,55
CEAP_P29,eda_max_medium,55,60
CEAP_P29,eda_medium,55,60
CEAP_P29,eda_peaks_high,55,60
CEAP_P29,eda_scr_amp_medium,55,60
CEAP_P29,eda_scr_auc_high,55,60
CEAP_P29,eda_std_high,55,60
CEAP_P29,emo_stressed,55,60
CEAP_P29,hr_high,55,60
CEAP_P29,eda_high,60,90
CEAP_P29,eda_max_high,60,90
CEAP_P29,eda_peaks_high,60,90
CEAP_P29,eda_scr_amp_medium,60,90
CEAP_P29,eda_scr_auc_high,60,90
CEAP_P29,eda_std_high,60,90
CEAP_P29,emo_excited,60,90
CEAP_P29,hr_high,60,90
CEAP_P3,eda_high,5,10
CEAP_P3,eda_max_high,5,10
CEAP_P3,eda_peaks_high,5,10
CEAP_P3,eda_scr_amp_low,5,10
CEAP_P3,eda_scr_auc_low,5,10
CEAP_P3,eda_std_low,5,10
CEAP_P3,emo_neutral,5,10
CEAP_P3,hr_medium,5,10
CEAP_P3,eda_low,10,15
CEAP_P3,eda_max_low,10,15
CEAP_P3,eda_peaks_high,10,15
CEAP_P3,eda_scr_amp_low,10,15
CEAP_P3,eda_scr_auc_high,10,15
CEAP_P3,eda_std_medium,10,15
CEAP_P3,emo_neutral,10,15
CEAP_P3,hr_high,10,15
CEAP_P3,eda_max_medium,15,20
CEAP_P3,eda_medium,15,20
CEAP_P3,eda_peaks_high,15,20
CEAP_P3,eda_scr_amp_low,15,20
CEAP_P3,eda_scr_auc_high,15,20
CEAP_P3,eda_std_medium,15,20
CEAP_P3,emo_neutral,15,20
CEAP_P3,hr_high,15,20
CEAP_P3,eda_high,20,25
CEAP_P3,eda_max_high,20,25
CEAP_P3,eda_peaks_high,20,25
CEAP_P3,eda_scr_amp_low,20,25
CEAP_P3,eda_scr_auc_high,20,25
CEAP_P3,eda_std_medium,20,25
CEAP_P3,emo_stressed,20,25
CEAP_P3,hr_high,20,25
CEAP_P3,eda_low,25,30
CEAP_P3,eda_max_medium,25,30
CEAP_P3,eda_peaks_medium,25,30
CEAP_P3,eda_scr_amp_high,25,30
CEAP_P3,eda_scr_auc_high,25,30
CEAP_P3,eda_std_high,25,30
CEAP_P3,emo_relaxed,25,30
CEAP_P3,hr_high,25,30
CEAP_P3,eda_high,30,35
CEAP_P3,eda_max_high,30,35
CEAP_P3,eda_peaks_high,30,35
CEAP_P3,eda_std_low,30,35
CEAP_P3,emo_excited,30,35
CEAP_P3,hr_medium,30,35
CEAP_P3,eda_scr_amp_low,30,40
CEAP_P3,eda_scr_auc_high,30,55
CEAP_P3,eda_low,35,40
CEAP_P3,eda_max_low,35,40
CEAP_P3,eda_peaks_medium,35,40
CEAP_P3,eda_std_low,35,40
CEAP_P3,emo_stressed,35,40
CEAP_P3,hr_low,35,40
CEAP_P3,eda_max_medium,40,45
CEAP_P3,eda_medium,40,45
CEAP_P3,eda_std_medium,40,45
CEAP_P3,emo_sad,40,45
CEAP_P3,hr_medium,40,45
CEAP_P3,eda_scr_amp_low,40,50
CEAP_P3,eda_peaks_high,40,55
CEAP_P3,eda_low,45,50
CEAP_P3,eda_max_medium,45,50
CEAP_P3,eda_std_high,45,50
CEAP_P3,emo_relaxed,45,50
CEAP_P3,hr_high,45,50
CEAP_P3,eda_high,50,55
CEAP_P3,eda_max_high,50,55
CEAP_P3,eda_scr_amp_low,50,55
CEAP_P3,eda_std_low,50,55
CEAP_P3,emo_alert,50,55
CEAP_P3,hr_high,50,55
CEAP_P3,eda_high,55,60
CEAP_P3,eda_max_high,55,60
CEAP_P3,eda_peaks_high,55,60
CEAP_P3,eda_scr_amp_low,55,60
CEAP_P3,eda_scr_auc_high,55,60
CEAP_P3,eda_std_low,55,60
CEAP_P3,emo_excited,55,60
CEAP_P3,hr_medium,55,60
CEAP_P3,eda_high,60,90
CEAP_P3,eda_max_high,60,90
CEAP_P3,eda_peaks_high,60,90
CEAP_P3,eda_scr_amp_low,60,90
CEAP_P3,eda_scr_auc_medium,60,90
CEAP_P3,eda_std_low,60,90
CEAP_P3,emo_excited,60,90
CEAP_P3,hr_medium,60,90
CEAP_P30,eda_high,5,10
CEAP_P30,eda_max_high,5,10
CEAP_P30,eda_peaks_high,5,10
CEAP_P30,eda_scr_amp_high,5,10
CEAP_P30,eda_std_high,5,10
CEAP_P30,hr_high,5,10
CEAP_P30,emo_neutral,5,15
CEAP_P30,eda_scr_auc_high,5,30
CEAP_P30,eda_low,10,15
CEAP_P30,eda_max_low,10,15
CEAP_P30,eda_peaks_high,10,15
CEAP_P30,eda_scr_amp_low,10,15
CEAP_P30,eda_std_medium,10,15
CEAP_P30,hr_medium,10,15
CEAP_P30,eda_high,15,20
CEAP_P30,eda_max_high,15,20
CEAP_P30,eda_peaks_medium,15,20
CEAP_P30,eda_scr_amp_high,15,20
CEAP_P30,emo_neutral,15,20
CEAP_P30,hr_medium,15,20
CEAP_P30,eda_std_high,15,30
CEAP_P30,eda_high,20,25
CEAP_P30,eda_max_high,20,25
CEAP_P30,eda_peaks_high,20,25
CEAP_P30,eda_scr_amp_low,20,25
CEAP_P30,emo_neutral,20,25
CEAP_P30,hr_low,20,25
CEAP_P30,eda_max_medium,25,30
CEAP_P30,eda_medium,25,30
CEAP_P30,eda_peaks_high,25,30
CEAP_P30,eda_scr_amp_high,25,30
CEAP_P30,emo_stressed,25,30
CEAP_P30,hr_medium,25,30
CEAP_P30,eda_high,30,35
CEAP_P30,eda_max_high,30,35
CEAP_P30,eda_peaks_high,30,35
CEAP_P30,eda_scr_amp_high,30,35
CEAP_P30,emo_upset,30,35
CEAP_P30,hr_medium,30,35
CEAP_P30,eda_scr_auc_high,30,40
CEAP_P30,eda_std_high,30,50
CEAP_P30,eda_low,35,40
CEAP_P30,eda_max_low,35,40
CEAP_P30,eda_peaks_medium,35,40
CEAP_P30,eda_scr_amp_medium,35,40
CEAP_P30,emo_upset,35,40
CEAP_P30,hr_high,35,40
CEAP_P30,eda_max_medium,40,45
CEAP_P30,eda_medium,40,45
CEAP_P30,eda_peaks_high,40,45
CEAP_P30,eda_scr_amp_low,40,45
CEAP_P30,eda_scr_auc_medium,40,45
CEAP_P30,emo_upset,40,45
CEAP_P30,hr_high,40,45
CEAP_P30,eda_max_medium,45,50
CEAP_P30,eda_medium,45,50
CEAP_P30,eda_peaks_medium,45,50
CEAP_P30,eda_scr_amp_high,45,50
CEAP_P30,emo_upset,45,50
CEAP_P30,hr_high,45,50
CEAP_P30,eda_scr_auc_high,45,60
CEAP_P30,eda_max_medium,50,55
CEAP_P30,eda_medium,50,55
CEAP_P30,eda_peaks_high,50,55
CEAP_P30,eda_scr_amp_high,50,55
CEAP_P30,emo_upset,50,55
CEAP_P30,hr_medium,50,55
CEAP_P30,eda_std_high,50,60
CEAP_P30,eda_max_medium,55,60
CEAP_P30,eda_medium,55,60
CEAP_P30,eda_peaks_high,55,60
CEAP_P30,eda_scr_amp_low,55,60
CEAP_P30,emo_upset,55,60
CEAP_P30,hr_high,55,60
CEAP_P30,eda_peaks_low,60,90
CEAP_P30,hrv_cvnn_low,60,90
CEAP_P30,hrv_cvsd_low,60,90
CEAP_P30,hrv_pnn20_low,60,90
CEAP_P30,hrv_pnn50_medium,60,90
CEAP_P30,hrv_rmssd_low,60,90
CEAP_P30,hrv_sdnn_low,60,90
CEAP_P30,temp_high,60,90
CEAP_P31,eda_high,5,10
CEAP_P31,eda_max_high,5,10
CEAP_P31,eda_peaks_medium,5,10
CEAP_P31,eda_scr_amp_medium,5,10
CEAP_P31,eda_scr_auc_high,5,10
CEAP_P31,eda_std_high,5,10
CEAP_P31,emo_neutral,5,10
CEAP_P31,hr_medium,5,10
CEAP_P31,eda_high,10,15
CEAP_P31,eda_max_high,10,15
CEAP_P31,eda_peaks_high,10,15
CEAP_P31,eda_scr_amp_high,10,15
CEAP_P31,eda_scr_auc_high,10,15
CEAP_P31,eda_std_high,10,15
CEAP_P31,emo_content,10,15
CEAP_P31,hr_high,10,15
CEAP_P31,eda_low,15,20
CEAP_P31,eda_max_low,15,20
CEAP_P31,eda_peaks_high,15,20
CEAP_P31,eda_scr_amp_medium,15,20
CEAP_P31,eda_scr_auc_medium,15,20
CEAP_P31,eda_std_low,15,20
CEAP_P31,emo_calm,15,20
CEAP_P31,hr_medium,15,20
CEAP_P31,eda_high,20,25
CEAP_P31,eda_max_high,20,25
CEAP_P31,eda_peaks_high,20,25
CEAP_P31,eda_scr_amp_medium,20,25
CEAP_P31,eda_scr_auc_medium,20,25
CEAP_P31,eda_std_high,20,25
CEAP_P31,emo_neutral,20,25
CEAP_P31,hr_low,20,25
CEAP_P31,eda_max_medium,25,30
CEAP_P31,eda_medium,25,30
CEAP_P31,eda_peaks_medium,25,30
CEAP_P31,eda_scr_amp_medium,25,30
CEAP_P31,eda_scr_auc_medium,25,30
CEAP_P31,eda_std_medium,25,30
CEAP_P31,emo_stressed,25,30
CEAP_P31,hr_medium,25,30
CEAP_P31,eda_low,30,35
CEAP_P31,eda_max_low,30,35
CEAP_P31,eda_peaks_medium,30,35
CEAP_P31,eda_scr_auc_medium,30,35
CEAP_P31,eda_std_medium,30,35
CEAP_P31,emo_calm,30,35
CEAP_P31,hr_medium,30,35
CEAP_P31,eda_scr_amp_medium,30,40
CEAP_P31,eda_low,35,40
CEAP_P31,eda_max_low,35,40
CEAP_P31,eda_peaks_high,35,40
CEAP_P31,eda_scr_auc_medium,35,40
CEAP_P31,eda_std_medium,35,40
CEAP_P31,emo_calm,35,40
CEAP_P31,hr_medium,35,40
CEAP_P31,eda_high,40,45
CEAP_P31,eda_max_high,40,45
CEAP_P31,eda_peaks_medium,40,45
CEAP_P31,eda_scr_amp_high,40,45
CEAP_P31,eda_scr_auc_high,40,45
CEAP_P31,eda_std_high,40,45
CEAP_P31,emo_excited,40,45
CEAP_P31,hr_high,40,45
CEAP_P31,eda_low,45,50
CEAP_P31,eda_max_low,45,50
CEAP_P31,eda_peaks_medium,45,50
CEAP_P31,eda_scr_amp_medium,45,50
CEAP_P31,eda_scr_auc_medium,45,50
CEAP_P31,eda_std_medium,45,50
CEAP_P31,emo_content,45,50
CEAP_P31,hr_high,45,50
CEAP_P31,eda_max_medium,50,55
CEAP_P31,eda_medium,50,55
CEAP_P31,eda_peaks_high,50,55
CEAP_P31,eda_scr_amp_medium,50,55
CEAP_P31,eda_scr_auc_medium,50,55
CEAP_P31,eda_std_high,50,55
CEAP_P31,emo_neutral,50,55
CEAP_P31,hr_medium,50,55
CEAP_P31,eda_max_high,55,60
CEAP_P31,eda_medium,55,60
CEAP_P31,eda_peaks_medium,55,60
CEAP_P31,eda_scr_amp_low,55,60
CEAP_P31,eda_scr_auc_high,55,60
CEAP_P31,eda_std_high,55,60
CEAP_P31,emo_neutral,55,60
CEAP_P31,hr_medium,55,60
CEAP_P31,eda_peaks_low,60,90
CEAP_P31,hrv_cvnn_medium,60,90
CEAP_P31,hrv_cvsd_medium,60,90
CEAP_P31,hrv_pnn20_high,60,90
CEAP_P31,hrv_pnn50_high,60,90
CEAP_P31,hrv_rmssd_medium,60,90
CEAP_P31,hrv_sdnn_medium,60,90
CEAP_P31,temp_medium,60,90
CEAP_P32,eda_low,5,10
CEAP_P32,eda_max_low,5,10
CEAP_P32,eda_scr_amp_low,5,10
CEAP_P32,eda_std_medium,5,10
CEAP_P32,emo_neutral,5,10
CEAP_P32,hr_medium,5,10
CEAP_P32,eda_peaks_high,5,15
CEAP_P32,eda_scr_auc_high,5,30
CEAP_P32,eda_high,10,15
CEAP_P32,eda_max_medium,10,15
CEAP_P32,eda_scr_amp_low,10,15
CEAP_P32,eda_std_medium,10,15
CEAP_P32,emo_neutral,10,15
CEAP_P32,hr_medium,10,15
CEAP_P32,eda_low,15,20
CEAP_P32,eda_max_low,15,20
CEAP_P32,eda_scr_amp_medium,15,20
CEAP_P32,eda_std_medium,15,20
CEAP_P32,emo_alert,15,20
CEAP_P32,hr_high,15,20
CEAP_P32,eda_peaks_high,15,25
CEAP_P32,eda_max_low,20,25
CEAP_P32,eda_medium,20,25
CEAP_P32,eda_scr_amp_low,20,25
CEAP_P32,eda_std_medium,20,25
CEAP_P32,emo_neutral,20,25
CEAP_P32,hr_high,20,25
CEAP_P32,eda_max_medium,25,30
CEAP_P32,eda_medium,25,30
CEAP_P32,eda_peaks_high,25,30
CEAP_P32,eda_scr_amp_high,25,30
CEAP_P32,eda_std_medium,25,30
CEAP_P32,emo_neutral,25,30
CEAP_P32,hr_low,25,30
CEAP_P32,eda_peaks_low,30,35
CEAP_P32,hrv_cvnn_high,30,35
CEAP_P32,hrv_cvsd_high,30,35
CEAP_P32,hrv_pnn20_high,30,35
CEAP_P32,hrv_pnn50_low,30,35
CEAP_P32,hrv_rmssd_high,30,35
CEAP_P32,hrv_sdnn_high,30,35
CEAP_P32,temp_high,30,35
CEAP_P32,eda_max_medium,35,40
CEAP_P32,eda_medium,35,40
CEAP_P32,eda_peaks_high,35,40
CEAP_P32,eda_scr_amp_high,35,40
CEAP_P32,eda_std_medium,35,40
CEAP_P32,emo_neutral,35,40
CEAP_P32,hr_low,35,40
CEAP_P32,eda_scr_auc_high,35,45
CEAP_P32,eda_low,40,45
CEAP_P32,eda_max_low,40,45
CEAP_P32,eda_scr_amp_low,40,45
CEAP_P32,eda_std_medium,40,45
CEAP_P32,emo_upset,40,45
CEAP_P32,hr_low,40,45
CEAP_P32,eda_peaks_high,40,50
CEAP_P32,eda_max_medium,45,50
CEAP_P32,eda_medium,45,50
CEAP_P32,eda_scr_amp_low,45,50
CEAP_P32,eda_std_medium,45,50
CEAP_P32,emo_neutral,45,50
CEAP_P32,hr_medium,45,50
CEAP_P32,eda_scr_auc_high,45,60
CEAP_P32,eda_low,50,55
CEAP_P32,eda_max_medium,50,55
CEAP_P32,eda_scr_amp_high,50,55
CEAP_P32,eda_std_high,50,55
CEAP_P32,emo_upset,50,55
CEAP_P32,hr_medium,50,55
CEAP_P32,eda_peaks_high,50,60
CEAP_P32,eda_low,55,60
CEAP_P32,eda_max_low,55,60
CEAP_P32,eda_scr_amp_medium,55,60
CEAP_P32,eda_std_medium,55,60
CEAP_P32,emo_upset,55,60
CEAP_P32,hr_medium,55,60
CEAP_P32,eda_high,60,90
CEAP_P32,eda_max_medium,60,90
CEAP_P32,eda_peaks_high,60,90
CEAP_P32,eda_scr_amp_low,60,90
CEAP_P32,eda_scr_auc_high,60,90
CEAP_P32,eda_std_medium,60,90
CEAP_P32,emo_neutral,60,90
CEAP_P4,eda_max_medium,5,10
CEAP_P4,eda_medium,5,10
CEAP_P4,eda_peaks_high,5,10
CEAP_P4,eda_std_high,5,10
CEAP_P4,emo_content,5,10
CEAP_P4,hr_medium,5,10
CEAP_P4,eda_scr_amp_high,5,15
CEAP_P4,eda_scr_auc_high,5,30
CEAP_P4,eda_low,10,15
CEAP_P4,eda_max_low,10,15
CEAP_P4,eda_peaks_medium,10,15
CEAP_P4,eda_std_high,10,15
CEAP_P4,emo_relaxed,10,15
CEAP_P4,hr_medium,10,15
CEAP_P4,eda_low,15,20
CEAP_P4,eda_max_low,15,20
CEAP_P4,eda_peaks_high,15,20
CEAP_P4,emo_relaxed,15,20
CEAP_P4,hr_low,15,20
CEAP_P4,eda_std_high,15,25
CEAP_P4,eda_scr_amp_high,15,30
CEAP_P4,eda_max_medium,20,25
CEAP_P4,eda_medium,20,25
CEAP_P4,eda_peaks_high,20,25
CEAP_P4,emo_sad,20,25
CEAP_P4,hr_medium,20,25
CEAP_P4,eda_max_medium,25,30
CEAP_P4,eda_medium,25,30
CEAP_P4,eda_peaks_high,25,30
CEAP_P4,eda_std_high,25,30
CEAP_P4,emo_stressed,25,30
CEAP_P4,hr_high,25,30
CEAP_P4,eda_peaks_low,30,35
CEAP_P4,hrv_cvnn_high,30,35
CEAP_P4,hrv_cvsd_high,30,35
CEAP_P4,hrv_pnn20_low,30,35
CEAP_P4,hrv_pnn50_high,30,35
CEAP_P4,hrv_rmssd_high,30,35
CEAP_P4,hrv_sdnn_high,30,35
CEAP_P4,temp_medium,30,35
CEAP_P4,eda_low,35,40
CEAP_P4,eda_max_low,35,40
CEAP_P4,eda_peaks_high,35,40
CEAP_P4,eda_std_high,35,40
CEAP_P4,emo_stressed,35,40
CEAP_P4,hr_high,35,40
CEAP_P4,eda_scr_amp_high,35,45
CEAP_P4,eda_scr_auc_high,35,60
CEAP_P4,eda_high,40,45
CEAP_P4,eda_max_high,40,45
CEAP_P4,eda_peaks_high,40,45
CEAP_P4,eda_std_high,40,45
CEAP_P4,emo_content,40,45
CEAP_P4,hr_low,40,45
CEAP_P4,eda_high,45,50
CEAP_P4,eda_max_high,45,50
CEAP_P4,eda_peaks_medium,45,50
CEAP_P4,eda_scr_amp_high,45,50
CEAP_P4,eda_std_high,45,50
CEAP_P4,emo_neutral,45,50
CEAP_P4,hr_low,45,50
CEAP_P4,eda_low,50,55
CEAP_P4,eda_max_low,50,55
CEAP_P4,eda_peaks_medium,50,55
CEAP_P4,eda_scr_amp_high,50,55
CEAP_P4,eda_std_high,50,55
CEAP_P4,emo_content,50,55
CEAP_P4,hr_medium,50,55
CEAP_P4,eda_max_medium,55,60
CEAP_P4,eda_medium,55,60
CEAP_P4,eda_peaks_high,55,60
CEAP_P4,eda_scr_amp_high,55,60
CEAP_P4,eda_std_high,55,60
CEAP_P4,emo_alert,55,60
CEAP_P4,hr_high,55,60
CEAP_P4,eda_peaks_low,60,90
CEAP_P4,hrv_cvnn_medium,60,90
CEAP_P4,hrv_cvsd_low,60,90
CEAP_P4,hrv_pnn20_medium,60,90
CEAP_P4,hrv_pnn50_low,60,90
CEAP_P4,hrv_rmssd_low,60,90
CEAP_P4,hrv_sdnn_low,60,90
CEAP_P4,temp_low,60,90
CEAP_P5,eda_max_medium,5,10
CEAP_P5,eda_medium,5,10
CEAP_P5,eda_peaks_high,5,10
CEAP_P5,eda_scr_auc_medium,5,10
CEAP_P5,eda_std_medium,5,10
CEAP_P5,emo_neutral,5,10
CEAP_P5,hr_medium,5,10
CEAP_P5,eda_scr_amp_high,5,25
CEAP_P5,eda_high,10,15
CEAP_P5,eda_max_high,10,15
CEAP_P5,eda_peaks_medium,10,15
CEAP_P5,eda_scr_auc_high,10,15
CEAP_P5,eda_std_high,10,15
CEAP_P5,emo_excited,10,15
CEAP_P5,hr_medium,10,15
CEAP_P5,eda_high,15,20
CEAP_P5,eda_max_high,15,20
CEAP_P5,eda_peaks_medium,15,20
CEAP_P5,eda_scr_auc_high,15,20
CEAP_P5,eda_std_medium,15,20
CEAP_P5,emo_neutral,15,20
CEAP_P5,hr_high,15,20
CEAP_P5,eda_high,20,25
CEAP_P5,eda_max_high,20,25
CEAP_P5,eda_peaks_medium,20,25
CEAP_P5,eda_scr_auc_high,20,25
CEAP_P5,eda_std_medium,20,25
CEAP_P5,emo_alert,20,25
CEAP_P5,hr_high,20,25
CEAP_P5,eda_high,25,30
CEAP_P5,eda_max_high,25,30
CEAP_P5,eda_peaks_high,25,30
CEAP_P5,eda_scr_amp_high,25,30
CEAP_P5,eda_scr_auc_high,25,30
CEAP_P5,eda_std_high,25,30
CEAP_P5,emo_excited,25,30
CEAP_P5,hr_medium,25,30
CEAP_P5,eda_peaks_low,30,35
CEAP_P5,hrv_cvnn_medium,30,35
CEAP_P5,hrv_cvsd_medium,30,35
CEAP_P5,hrv_pnn20_high,30,35
CEAP_P5,hrv_pnn50_medium,30,35
CEAP_P5,hrv_rmssd_medium,30,35
CEAP_P5,hrv_sdnn_high,30,35
CEAP_P5,temp_high,30,35
CEAP_P5,eda_high,35,40
CEAP_P5,eda_max_high,35,40
CEAP_P5,eda_peaks_high,35,40
CEAP_P5,eda_scr_amp_high,35,40
CEAP_P5,eda_scr_auc_medium,35,40
CEAP_P5,eda_std_medium,35,40
CEAP_P5,emo_sad,35,40
CEAP_P5,hr_medium,35,40
CEAP_P5,eda_high,40,45
CEAP_P5,eda_max_high,40,45
CEAP_P5,eda_peaks_medium,40,45
CEAP_P5,eda_scr_amp_medium,40,45
CEAP_P5,eda_scr_auc_low,40,45
CEAP_P5,eda_std_high,40,45
CEAP_P5,emo_excited,40,45
CEAP_P5,hr_high,40,45
CEAP_P5,eda_high,45,50
CEAP_P5,eda_max_high,45,50
CEAP_P5,eda_peaks_high,45,50
CEAP_P5,eda_scr_auc_high,45,50
CEAP_P5,eda_std_medium,45,50
CEAP_P5,emo_excited,45,50
CEAP_P5,hr_low,45,50
CEAP_P5,eda_scr_amp_high,45,60
CEAP_P5,eda_max_medium,50,55
CEAP_P5,eda_medium,50,55
CEAP_P5,eda_peaks_high,50,55
CEAP_P5,eda_scr_auc_medium,50,55
CEAP_P5,eda_std_medium,50,55
CEAP_P5,emo_stressed,50,55
CEAP_P5,hr_medium,50,55
CEAP_P5,eda_max_medium,55,60
CEAP_P5,eda_medium,55,60
CEAP_P5,eda_peaks_high,55,60
CEAP_P5,eda_scr_auc_medium,55,60
CEAP_P5,eda_std_medium,55,60
CEAP_P5,emo_alert,55,60
CEAP_P5,hr_high,55,60
CEAP_P5,eda_max_medium,60,90
CEAP_P5,eda_medium,60,90
CEAP_P5,eda_peaks_high,60,90
CEAP_P5,eda_scr_amp_high,60,90
CEAP_P5,eda_scr_auc_medium,60,90
CEAP_P5,eda_std_medium,60,90
CEAP_P5,emo_excited,60,90
CEAP_P5,hr_low,60,90
CEAP_P6,eda_high,5,10
CEAP_P6,eda_max_high,5,10
CEAP_P6,eda_scr_amp_high,5,10
CEAP_P6,eda_std_high,5,10
CEAP_P6,emo_upset,5,10
CEAP_P6,hr_medium,5,10
CEAP_P6,eda_peaks_high,5,25
CEAP_P6,eda_scr_auc_high,5,30
CEAP_P6,eda_high,10,15
CEAP_P6,eda_max_high,10,15
CEAP_P6,eda_scr_amp_high,10,15
CEAP_P6,eda_std_high,10,15
CEAP_P6,emo_content,10,15
CEAP_P6,hr_high,10,15
CEAP_P6,eda_low,15,20
CEAP_P6,eda_max_medium,15,20
CEAP_P6,eda_scr_amp_high,15,20
CEAP_P6,eda_std_high,15,20
CEAP_P6,emo_neutral,15,20
CEAP_P6,hr_high,15,20
CEAP_P6,eda_low,20,25
CEAP_P6,eda_max_low,20,25
CEAP_P6,eda_scr_amp_high,20,25
CEAP_P6,emo_neutral,20,25
CEAP_P6,hr_high,20,25
CEAP_P6,eda_std_high,20,30
CEAP_P6,eda_high,25,30
CEAP_P6,eda_max_high,25,30
CEAP_P6,eda_peaks_high,25,30
CEAP_P6,eda_scr_amp_high,25,30
CEAP_P6,emo_content,25,30
CEAP_P6,hr_high,25,30
CEAP_P6,eda_peaks_low,30,35
CEAP_P6,hrv_cvnn_low,30,35
CEAP_P6,hrv_cvsd_low,30,35
CEAP_P6,hrv_pnn20_high,30,35
CEAP_P6,hrv_pnn50_medium,30,35
CEAP_P6,hrv_rmssd_low,30,35
CEAP_P6,hrv_sdnn_low,30,35
CEAP_P6,temp_high,30,35
CEAP_P6,eda_high,35,40
CEAP_P6,eda_max_high,35,40
CEAP_P6,eda_scr_amp_high,35,40
CEAP_P6,emo_content,35,40
CEAP_P6,hr_high,35,40
CEAP_P6,eda_peaks_high,35,45
CEAP_P6,eda_std_high,35,45
CEAP_P6,eda_scr_auc_high,35,60
CEAP_P6,eda_low,40,45
CEAP_P6,eda_max_low,40,45
CEAP_P6,eda_scr_amp_high,40,45
CEAP_P6,emo_upset,40,45
CEAP_P6,hr_medium,40,45
CEAP_P6,eda_low,45,50
CEAP_P6,eda_max_low,45,50
CEAP_P6,eda_peaks_medium,45,50
CEAP_P6,eda_scr_amp_high,45,50
CEAP_P6,emo_calm,45,50
CEAP_P6,hr_low,45,50
CEAP_P6,eda_std_high,45,60
CEAP_P6,eda_max_medium,50,55
CEAP_P6,eda_medium,50,55
CEAP_P6,emo_stressed,50,55
CEAP_P6,hr_high,50,55
CEAP_P6,eda_peaks_high,50,60
CEAP_P6,eda_scr_amp_high,50,60
CEAP_P6,eda_high,55,60
CEAP_P6,eda_max_high,55,60
CEAP_P6,emo_content,55,60
CEAP_P6,hr_medium,55,60
CEAP_P6,eda_high,60,90
CEAP_P6,eda_max_high,60,90
CEAP_P6,eda_peaks_high,60,90
CEAP_P6,eda_scr_amp_high,60,90
CEAP_P6,eda_scr_auc_high,60,90
CEAP_P6,eda_std_high,60,90
CEAP_P6,emo_upset,60,90
CEAP_P6,hr_high,60,90
CEAP_P7,eda_high,5,10
CEAP_P7,eda_max_high,5,10
CEAP_P7,eda_peaks_medium,5,10
CEAP_P7,eda_scr_amp_low,5,10
CEAP_P7,eda_std_medium,5,10
CEAP_P7,hr_high,5,10
CEAP_P7,eda_scr_auc_high,5,30
CEAP_P7,emo_neutral,5,30
CEAP_P7,eda_high,10,15
CEAP_P7,eda_max_high,10,15
CEAP_P7,eda_peaks_high,10,15
CEAP_P7,eda_scr_amp_high,10,15
CEAP_P7,eda_std_high,10,15
CEAP_P7,hr_medium,10,15
CEAP_P7,eda_max_medium,15,20
CEAP_P7,eda_medium,15,20
CEAP_P7,eda_peaks_high,15,20
CEAP_P7,eda_scr_amp_high,15,20
CEAP_P7,eda_std_high,15,20
CEAP_P7,hr_medium,15,20
CEAP_P7,eda_high,20,25
CEAP_P7,eda_max_high,20,25
CEAP_P7,eda_peaks_high,20,25
CEAP_P7,eda_scr_amp_high,20,25
CEAP_P7,eda_std_medium,20,25
CEAP_P7,hr_high,20,25
CEAP_P7,eda_high,25,30
CEAP_P7,eda_max_high,25,30
CEAP_P7,eda_peaks_high,25,30
CEAP_P7,eda_scr_amp_high,25,30
CEAP_P7,eda_std_high,25,30
CEAP_P7,hr_high,25,30
CEAP_P7,eda_peaks_low,30,35
CEAP_P7,hrv_cvnn_medium,30,35
CEAP_P7,hrv_cvsd_low,30,35
CEAP_P7,hrv_pnn20_low,30,35
CEAP_P7,hrv_pnn50_low,30,35
CEAP_P7,hrv_rmssd_low,30,35
CEAP_P7,hrv_sdnn_medium,30,35
CEAP_P7,temp_low,30,35
CEAP_P7,eda_max_medium,35,40
CEAP_P7,eda_medium,35,40
CEAP_P7,eda_peaks_high,35,40
CEAP_P7,eda_scr_amp_high,35,40
CEAP_P7,eda_std_high,35,40
CEAP_P7,emo_neutral,35,40
CEAP_P7,hr_medium,35,40
CEAP_P7,eda_scr_auc_high,35,50
CEAP_P7,eda_max_medium,40,45
CEAP_P7,eda_medium,40,45
CEAP_P7,eda_peaks_high,40,45
CEAP_P7,eda_scr_amp_medium,40,45
CEAP_P7,eda_std_high,40,45
CEAP_P7,emo_neutral,40,45
CEAP_P7,hr_high,40,45
CEAP_P7,eda_max_medium,45,50
CEAP_P7,eda_medium,45,50
CEAP_P7,eda_peaks_high,45,50
CEAP_P7,eda_scr_amp_high,45,50
CEAP_P7,eda_std_medium,45,50
CEAP_P7,emo_neutral,45,50
CEAP_P7,hr_medium,45,50
CEAP_P7,eda_max_medium,50,55
CEAP_P7,eda_medium,50,55
CEAP_P7,eda_peaks_high,50,55
CEAP_P7,eda_scr_amp_low,50,55
CEAP_P7,eda_scr_auc_high,50,55
CEAP_P7,eda_std_medium,50,55
CEAP_P7,emo_neutral,50,55
CEAP_P7,hr_medium,50,55
CEAP_P7,eda_high,55,60
CEAP_P7,eda_max_high,55,60
CEAP_P7,eda_peaks_high,55,60
CEAP_P7,eda_scr_amp_low,55,60
CEAP_P7,eda_scr_auc_medium,55,60
CEAP_P7,eda_std_medium,55,60
CEAP_P7,emo_alert,55,60
CEAP_P7,hr_low,55,60
CEAP_P7,eda_high,60,90
CEAP_P7,eda_max_high,60,90
CEAP_P7,eda_peaks_medium,60,90
CEAP_P7,eda_scr_amp_high,60,90
CEAP_P7,eda_scr_auc_high,60,90
CEAP_P7,eda_std_high,60,90
CEAP_P7,emo_excited,60,90
CEAP_P7,hr_low,60,90
CEAP_P8,eda_low,5,10
CEAP_P8,eda_max_low,5,10
CEAP_P8,eda_peaks_high,5,10
CEAP_P8,eda_scr_amp_high,5,10
CEAP_P8,eda_scr_auc_medium,5,10
CEAP_P8,eda_std_low,5,10
CEAP_P8,emo_calm,5,10
CEAP_P8,eda_high,10,15
CEAP_P8,eda_max_high,10,15
CEAP_P8,eda_peaks_low,10,15
CEAP_P8,eda_scr_auc_high,10,15
CEAP_P8,eda_std_high,10,15
CEAP_P8,emo_alert,10,15
CEAP_P8,hr_high,10,15
CEAP_P8,eda_scr_amp_high,10,20
CEAP_P8,eda_low,15,20
CEAP_P8,eda_max_medium,15,20
CEAP_P8,eda_peaks_high,15,20
CEAP_P8,eda_scr_auc_high,15,20
CEAP_P8,eda_std_high,15,20
CEAP_P8,emo_sad,15,20
CEAP_P8,hr_medium,15,20
CEAP_P8,eda_low,20,25
CEAP_P8,eda_max_low,20,25
CEAP_P8,eda_peaks_high,20,25
CEAP_P8,eda_scr_auc_medium,20,25
CEAP_P8,eda_std_medium,20,25
CEAP_P8,emo_neutral,20,25
CEAP_P8,hr_high,20,25
CEAP_P8,eda_scr_amp_high,20,30
CEAP_P8,eda_low,25,30
CEAP_P8,eda_max_low,25,30
CEAP_P8,eda_peaks_medium,25,30
CEAP_P8,eda_scr_auc_low,25,30
CEAP_P8,eda_std_low,25,30
CEAP_P8,emo_sad,25,30
CEAP_P8,hr_medium,25,30
CEAP_P8,eda_peaks_low,30,35
CEAP_P8,hrv_cvnn_medium,30,35
CEAP_P8,hrv_cvsd_medium,30,35
CEAP_P8,hrv_pnn20_high,30,35
CEAP_P8,hrv_pnn50_medium,30,35
CEAP_P8,hrv_rmssd_high,30,35
CEAP_P8,hrv_sdnn_medium,30,35
CEAP_P8,temp_low,30,35
CEAP_P8,eda_high,35,40
CEAP_P8,eda_max_high,35,40
CEAP_P8,eda_peaks_medium,35,40
CEAP_P8,eda_scr_auc_high,35,40
CEAP_P8,eda_std_high,35,40
CEAP_P8,emo_excited,35,40
CEAP_P8,hr_high,35,40
CEAP_P8,eda_scr_amp_high,35,60
CEAP_P8,eda_high,40,45
CEAP_P8,eda_max_high,40,45
CEAP_P8,eda_peaks_high,40,45
CEAP_P8,eda_scr_auc_low,40,45
CEAP_P8,eda_std_low,40,45
CEAP_P8,emo_alert,40,45
CEAP_P8,hr_medium,40,45
CEAP_P8,eda_high,45,50
CEAP_P8,eda_max_high,45,50
CEAP_P8,eda_peaks_medium,45,50
CEAP_P8,eda_scr_auc_high,45,50
CEAP_P8,eda_std_medium,45,50
CEAP_P8,emo_content,45,50
CEAP_P8,hr_low,45,50
CEAP_P8,eda_low,50,55
CEAP_P8,eda_max_low,50,55
CEAP_P8,eda_peaks_medium,50,55
CEAP_P8,eda_scr_auc_medium,50,55
CEAP_P8,eda_std_low,50,55
CEAP_P8,emo_upset,50,55
CEAP_P8,hr_low,50,55
CEAP_P8,eda_low,55,60
CEAP_P8,eda_max_low,55,60
CEAP_P8,eda_peaks_high,55,60
CEAP_P8,eda_scr_auc_low,55,60
CEAP_P8,eda_std_medium,55,60
CEAP_P8,emo_upset,55,60
CEAP_P8,hr_low,55,60
CEAP_P8,eda_peaks_low,60,90
CEAP_P8,hrv_cvnn_high,60,90
CEAP_P8,hrv_cvsd_high,60,90
CEAP_P8,hrv_pnn20_low,60,90
CEAP_P8,hrv_pnn50_low,60,90
CEAP_P8,hrv_rmssd_high,60,90
CEAP_P8,hrv_sdnn_high,60,90
CEAP_P8,temp_low,60,90
CEAP_P9,eda_high,5,10
CEAP_P9,eda_max_high,5,10
CEAP_P9,eda_peaks_medium,5,10
CEAP_P9,eda_scr_amp_low,5,10
CEAP_P9,eda_scr_auc_high,5,10
CEAP_P9,eda_std_high,5,10
CEAP_P9,emo_neutral,5,10
CEAP_P9,eda_high,10,15
CEAP_P9,eda_max_high,10,15
CEAP_P9,eda_peaks_low,10,15
CEAP_P9,eda_scr_amp_high,10,15
CEAP_P9,eda_scr_auc_high,10,15
CEAP_P9,eda_std_medium,10,15
CEAP_P9,emo_alert,10,15
CEAP_P9,hr_medium,10,15
CEAP_P9,eda_low,15,20
CEAP_P9,eda_max_low,15,20
CEAP_P9,eda_peaks_high,15,20
CEAP_P9,eda_scr_auc_medium,15,20
CEAP_P9,eda_std_low,15,20
CEAP_P9,emo_sad,15,20
CEAP_P9,hr_medium,15,20
CEAP_P9,eda_scr_amp_low,15,30
CEAP_P9,eda_low,20,25
CEAP_P9,eda_max_low,20,25
CEAP_P9,eda_peaks_medium,20,25
CEAP_P9,eda_scr_auc_medium,20,25
CEAP_P9,eda_std_low,20,25
CEAP_P9,emo_upset,20,25
CEAP_P9,hr_high,20,25
CEAP_P9,eda_high,25,30
CEAP_P9,eda_max_high,25,30
CEAP_P9,eda_peaks_medium,25,30
CEAP_P9,eda_scr_auc_high,25,30
CEAP_P9,eda_std_medium,25,30
CEAP_P9,emo_calm,25,30
CEAP_P9,hr_low,25,30
CEAP_P9,eda_peaks_low,30,35
CEAP_P9,hrv_cvnn_high,30,35
CEAP_P9,hrv_cvsd_high,30,35
CEAP_P9,hrv_pnn20_high,30,35
CEAP_P9,hrv_pnn50_high,30,35
CEAP_P9,hrv_rmssd_high,30,35
CEAP_P9,hrv_sdnn_high,30,35
CEAP_P9,temp_medium,30,35
CEAP_P9,eda_high,35,40
CEAP_P9,eda_max_high,35,40
CEAP_P9,eda_peaks_high,35,40
CEAP_P9,eda_scr_auc_medium,35,40
CEAP_P9,eda_std_low,35,40
CEAP_P9,emo_relaxed,35,40
CEAP_P9,hr_low,35,40
CEAP_P9,eda_scr_amp_low,35,60
CEAP_P9,eda_high,40,45
CEAP_P9,eda_max_high,40,45
CEAP_P9,eda_peaks_medium,40,45
CEAP_P9,eda_scr_auc_high,40,45
CEAP_P9,eda_std_medium,40,45
CEAP_P9,emo_upset,40,45
CEAP_P9,hr_medium,40,45
CEAP_P9,eda_high,45,50
CEAP_P9,eda_max_high,45,50
CEAP_P9,eda_peaks_high,45,50
CEAP_P9,eda_scr_auc_medium,45,50
CEAP_P9,eda_std_low,45,50
CEAP_P9,emo_upset,45,50
CEAP_P9,hr_medium,45,50
CEAP_P9,eda_low,50,55
CEAP_P9,eda_max_low,50,55
CEAP_P9,eda_peaks_medium,50,55
CEAP_P9,eda_scr_auc_medium,50,55
CEAP_P9,eda_std_low,50,55
CEAP_P9,emo_sad,50,55
CEAP_P9,hr_high,50,55
CEAP_P9,eda_low,55,60
CEAP_P9,eda_max_low,55,60
CEAP_P9,eda_peaks_medium,55,60
CEAP_P9,eda_scr_auc_medium,55,60
CEAP_P9,eda_std_low,55,60
CEAP_P9,emo_sad,55,60
CEAP_P9,hr_medium,55,60
CEAP_P9,eda_high,60,90
CEAP_P9,eda_max_high,60,90
CEAP_P9,eda_peaks_high,60,90
CEAP_P9,eda_scr_amp_low,60,90
CEAP_P9,eda_scr_auc_medium,60,90
CEAP_P9,eda_std_medium,60,90
CEAP_P9,emo_neutral,60,90
CEAP_P9,hr_medium,60,90
